item_id,benchmark,condition,selected_candidate_indices
lvbench:10,lvbench,mdp3_8,"[16, 19, 20, 21, 31, 42, 53, 57]"
lvbench:10,lvbench,plain_dpp_8,"[19, 20, 21, 31, 42, 46, 51, 53]"
lvbench:1083,lvbench,mdp3_8,"[8, 11, 28, 34, 44, 47, 50, 63]"
lvbench:1083,lvbench,plain_dpp_8,"[8, 11, 28, 34, 44, 47, 50, 63]"
lvbench:1097,lvbench,mdp3_8,"[1, 2, 4, 24, 26, 43, 46, 55]"
lvbench:1097,lvbench,plain_dpp_8,"[1, 2, 18, 24, 26, 43, 46, 55]"
lvbench:1098,lvbench,mdp3_8,"[3, 4, 22, 25, 52, 54, 55, 61]"
lvbench:1098,lvbench,plain_dpp_8,"[2, 3, 22, 25, 34, 36, 54, 55]"
lvbench:1099,lvbench,mdp3_8,"[2, 15, 16, 24, 31, 43, 55, 61]"
lvbench:1099,lvbench,plain_dpp_8,"[2, 13, 15, 16, 24, 31, 55, 61]"
lvbench:1102,lvbench,mdp3_8,"[0, 4, 8, 46, 52, 54, 55, 63]"
lvbench:1102,lvbench,plain_dpp_8,"[0, 8, 16, 18, 46, 52, 54, 55]"
lvbench:1114,lvbench,mdp3_8,"[4, 14, 18, 24, 31, 33, 37, 43]"
lvbench:1114,lvbench,plain_dpp_8,"[4, 14, 18, 21, 24, 31, 33, 37]"
lvbench:1115,lvbench,mdp3_8,"[4, 7, 14, 24, 31, 33, 36, 42]"
lvbench:1115,lvbench,plain_dpp_8,"[4, 7, 14, 24, 31, 33, 36, 42]"
lvbench:1123,lvbench,mdp3_8,"[14, 17, 20, 24, 31, 43, 47, 58]"
lvbench:1123,lvbench,plain_dpp_8,"[14, 17, 20, 24, 29, 31, 47, 58]"
lvbench:1125,lvbench,mdp3_8,"[2, 4, 12, 18, 21, 39, 42, 52]"
lvbench:1125,lvbench,plain_dpp_8,"[2, 4, 12, 18, 21, 39, 42, 52]"
lvbench:1128,lvbench,mdp3_8,"[4, 12, 15, 16, 36, 39, 42, 43]"
lvbench:1128,lvbench,plain_dpp_8,"[4, 12, 16, 29, 36, 39, 42, 43]"
lvbench:1129,lvbench,mdp3_8,"[4, 13, 14, 20, 33, 42, 58, 62]"
lvbench:1129,lvbench,plain_dpp_8,"[4, 13, 14, 20, 33, 42, 58, 62]"
lvbench:1130,lvbench,mdp3_8,"[4, 12, 14, 16, 18, 29, 33, 43]"
lvbench:1130,lvbench,plain_dpp_8,"[4, 12, 14, 18, 24, 29, 33, 40]"
lvbench:1132,lvbench,mdp3_8,"[0, 14, 16, 24, 29, 36, 39, 42]"
lvbench:1132,lvbench,plain_dpp_8,"[0, 14, 24, 29, 36, 37, 39, 42]"
lvbench:1137,lvbench,mdp3_8,"[2, 5, 16, 19, 29, 34, 38, 58]"
lvbench:1137,lvbench,plain_dpp_8,"[2, 5, 16, 19, 29, 34, 38, 58]"
lvbench:117,lvbench,mdp3_8,"[20, 24, 26, 28, 38, 40, 44, 61]"
lvbench:117,lvbench,plain_dpp_8,"[20, 24, 26, 28, 38, 40, 44, 61]"
lvbench:1180,lvbench,mdp3_8,"[17, 23, 25, 26, 27, 33, 35, 61]"
lvbench:1180,lvbench,plain_dpp_8,"[16, 17, 23, 25, 27, 28, 33, 35]"
lvbench:1192,lvbench,mdp3_8,"[1, 17, 26, 34, 45, 49, 50, 51]"
lvbench:1192,lvbench,plain_dpp_8,"[1, 33, 34, 35, 45, 49, 50, 51]"
lvbench:1225,lvbench,mdp3_8,"[1, 2, 6, 8, 28, 41, 43, 51]"
lvbench:1225,lvbench,plain_dpp_8,"[1, 2, 6, 7, 28, 34, 41, 51]"
lvbench:1229,lvbench,mdp3_8,"[6, 7, 8, 15, 26, 46, 48, 51]"
lvbench:1229,lvbench,plain_dpp_8,"[6, 7, 8, 15, 26, 33, 48, 51]"
lvbench:1234,lvbench,mdp3_8,"[2, 7, 14, 17, 43, 46, 47, 55]"
lvbench:1234,lvbench,plain_dpp_8,"[2, 6, 13, 14, 18, 43, 47, 55]"
lvbench:1240,lvbench,mdp3_8,"[2, 10, 13, 16, 43, 45, 47, 55]"
lvbench:1240,lvbench,plain_dpp_8,"[10, 13, 16, 42, 43, 45, 47, 55]"
lvbench:1246,lvbench,mdp3_8,"[2, 4, 12, 33, 34, 43, 52, 62]"
lvbench:1246,lvbench,plain_dpp_8,"[2, 4, 12, 24, 33, 34, 52, 62]"
lvbench:126,lvbench,mdp3_8,"[5, 12, 20, 25, 26, 34, 44, 53]"
lvbench:126,lvbench,plain_dpp_8,"[5, 12, 20, 25, 26, 34, 38, 44]"
lvbench:13,lvbench,mdp3_8,"[11, 16, 20, 21, 28, 35, 46, 56]"
lvbench:13,lvbench,plain_dpp_8,"[10, 12, 16, 19, 20, 21, 35, 56]"
lvbench:1320,lvbench,mdp3_8,"[2, 3, 18, 25, 34, 35, 42, 47]"
lvbench:1320,lvbench,plain_dpp_8,"[2, 3, 18, 25, 34, 35, 42, 47]"
lvbench:1322,lvbench,mdp3_8,"[2, 4, 8, 18, 25, 34, 41, 53]"
lvbench:1322,lvbench,plain_dpp_8,"[2, 4, 18, 25, 34, 41, 53, 59]"
lvbench:1323,lvbench,mdp3_8,"[2, 12, 14, 18, 25, 34, 47, 59]"
lvbench:1323,lvbench,plain_dpp_8,"[2, 3, 12, 14, 18, 25, 47, 59]"
lvbench:1326,lvbench,mdp3_8,"[2, 12, 18, 21, 25, 41, 53, 59]"
lvbench:1326,lvbench,plain_dpp_8,"[2, 15, 18, 21, 25, 41, 53, 59]"
lvbench:133,lvbench,mdp3_8,"[16, 19, 20, 22, 28, 45, 53, 61]"
lvbench:133,lvbench,plain_dpp_8,"[16, 19, 20, 22, 24, 28, 53, 61]"
lvbench:1330,lvbench,mdp3_8,"[2, 11, 18, 21, 25, 41, 58, 59]"
lvbench:1330,lvbench,plain_dpp_8,"[2, 4, 11, 18, 21, 47, 59, 60]"
lvbench:1348,lvbench,mdp3_8,"[3, 4, 16, 19, 20, 59, 62, 63]"
lvbench:1348,lvbench,plain_dpp_8,"[3, 4, 16, 19, 20, 34, 62, 63]"
lvbench:135,lvbench,mdp3_8,"[2, 16, 19, 20, 53, 55, 59, 61]"
lvbench:135,lvbench,plain_dpp_8,"[17, 20, 24, 37, 40, 53, 59, 61]"
lvbench:1352,lvbench,mdp3_8,"[17, 19, 21, 22, 23, 27, 39, 41]"
lvbench:1352,lvbench,plain_dpp_8,"[17, 19, 21, 22, 23, 27, 28, 41]"
lvbench:1354,lvbench,mdp3_8,"[12, 16, 17, 19, 31, 41, 51, 60]"
lvbench:1354,lvbench,plain_dpp_8,"[16, 17, 19, 31, 39, 41, 51, 60]"
lvbench:136,lvbench,mdp3_8,"[5, 8, 12, 20, 33, 40, 55, 61]"
lvbench:136,lvbench,plain_dpp_8,"[5, 8, 12, 16, 32, 40, 57, 61]"
lvbench:1360,lvbench,mdp3_8,"[0, 7, 17, 20, 41, 60, 62, 63]"
lvbench:1360,lvbench,plain_dpp_8,"[7, 17, 20, 21, 26, 41, 62, 63]"
lvbench:1364,lvbench,mdp3_8,"[0, 17, 19, 20, 41, 46, 62, 63]"
lvbench:1364,lvbench,plain_dpp_8,"[17, 19, 20, 21, 41, 46, 62, 63]"
lvbench:1420,lvbench,mdp3_8,"[8, 17, 31, 32, 39, 48, 51, 52]"
lvbench:1420,lvbench,plain_dpp_8,"[8, 31, 32, 39, 46, 48, 49, 52]"
lvbench:1425,lvbench,mdp3_8,"[6, 9, 12, 26, 33, 41, 44, 63]"
lvbench:1425,lvbench,plain_dpp_8,"[6, 9, 12, 26, 33, 41, 44, 63]"
lvbench:1433,lvbench,mdp3_8,"[17, 21, 42, 45, 48, 49, 52, 59]"
lvbench:1433,lvbench,plain_dpp_8,"[17, 39, 42, 45, 48, 49, 52, 59]"
lvbench:1436,lvbench,mdp3_8,"[2, 21, 27, 28, 38, 42, 56, 57]"
lvbench:1436,lvbench,plain_dpp_8,"[2, 12, 28, 29, 39, 42, 56, 57]"
lvbench:15,lvbench,mdp3_8,"[4, 14, 40, 42, 48, 52, 53, 60]"
lvbench:15,lvbench,plain_dpp_8,"[3, 14, 40, 42, 48, 52, 53, 60]"
lvbench:1558,lvbench,mdp3_8,"[10, 22, 23, 25, 26, 51, 53, 54]"
lvbench:1558,lvbench,plain_dpp_8,"[10, 12, 18, 22, 23, 26, 51, 54]"
lvbench:1562,lvbench,mdp3_8,"[7, 30, 32, 35, 43, 53, 55, 57]"
lvbench:1562,lvbench,plain_dpp_8,"[7, 18, 30, 31, 32, 35, 43, 57]"
lvbench:1569,lvbench,mdp3_8,"[1, 2, 13, 25, 28, 39, 50, 54]"
lvbench:1569,lvbench,plain_dpp_8,"[1, 2, 13, 16, 20, 28, 50, 54]"
lvbench:1572,lvbench,mdp3_8,"[6, 10, 22, 25, 34, 42, 46, 50]"
lvbench:1572,lvbench,plain_dpp_8,"[10, 34, 42, 46, 50, 51, 54, 57]"
lvbench:1583,lvbench,mdp3_8,"[7, 11, 19, 21, 26, 34, 39, 53]"
lvbench:1583,lvbench,plain_dpp_8,"[7, 11, 19, 21, 26, 39, 51, 62]"
lvbench:1586,lvbench,mdp3_8,"[8, 11, 12, 14, 18, 22, 46, 53]"
lvbench:1586,lvbench,plain_dpp_8,"[8, 11, 12, 14, 17, 18, 22, 46]"
lvbench:1589,lvbench,mdp3_8,"[8, 20, 25, 28, 29, 36, 38, 60]"
lvbench:1589,lvbench,plain_dpp_8,"[8, 20, 25, 28, 29, 38, 58, 60]"
lvbench:1591,lvbench,mdp3_8,"[0, 1, 7, 29, 51, 57, 58, 63]"
lvbench:1591,lvbench,plain_dpp_8,"[0, 1, 28, 29, 38, 51, 58, 63]"
lvbench:1596,lvbench,mdp3_8,"[7, 8, 16, 17, 32, 39, 45, 47]"
lvbench:1596,lvbench,plain_dpp_8,"[8, 16, 17, 31, 32, 39, 45, 47]"
lvbench:1601,lvbench,mdp3_8,"[0, 1, 4, 8, 24, 33, 54, 58]"
lvbench:1601,lvbench,plain_dpp_8,"[0, 4, 8, 24, 33, 51, 54, 58]"
lvbench:1617,lvbench,mdp3_8,"[11, 12, 14, 26, 43, 48, 49, 56]"
lvbench:1617,lvbench,plain_dpp_8,"[12, 14, 26, 32, 35, 43, 49, 56]"
lvbench:1621,lvbench,mdp3_8,"[2, 11, 18, 22, 30, 35, 49, 57]"
lvbench:1621,lvbench,plain_dpp_8,"[2, 11, 18, 22, 30, 35, 49, 57]"
lvbench:1625,lvbench,mdp3_8,"[2, 22, 30, 43, 46, 51, 56, 57]"
lvbench:1625,lvbench,plain_dpp_8,"[2, 4, 22, 30, 31, 43, 46, 57]"
lvbench:1626,lvbench,mdp3_8,"[2, 11, 12, 27, 38, 43, 49, 62]"
lvbench:1626,lvbench,plain_dpp_8,"[0, 2, 11, 12, 27, 29, 38, 62]"
lvbench:1629,lvbench,mdp3_8,"[11, 20, 22, 30, 43, 45, 52, 56]"
lvbench:1629,lvbench,plain_dpp_8,"[11, 20, 22, 30, 43, 45, 52, 56]"
lvbench:1636,lvbench,mdp3_8,"[11, 12, 22, 30, 43, 45, 48, 56]"
lvbench:1636,lvbench,plain_dpp_8,"[12, 22, 30, 43, 45, 46, 53, 56]"
lvbench:1678,lvbench,mdp3_8,"[22, 25, 28, 31, 37, 58, 59, 62]"
lvbench:1678,lvbench,plain_dpp_8,"[22, 25, 28, 31, 37, 58, 59, 62]"
lvbench:1679,lvbench,mdp3_8,"[18, 25, 27, 30, 34, 55, 59, 62]"
lvbench:1679,lvbench,plain_dpp_8,"[18, 25, 34, 38, 43, 55, 59, 62]"
lvbench:1680,lvbench,mdp3_8,"[1, 18, 25, 27, 38, 42, 43, 58]"
lvbench:1680,lvbench,plain_dpp_8,"[1, 18, 22, 25, 27, 38, 43, 58]"
lvbench:1681,lvbench,mdp3_8,"[18, 20, 49, 51, 55, 58, 59, 62]"
lvbench:1681,lvbench,plain_dpp_8,"[5, 18, 20, 22, 49, 54, 58, 59]"
lvbench:1687,lvbench,mdp3_8,"[20, 26, 28, 29, 37, 38, 40, 50]"
lvbench:1687,lvbench,plain_dpp_8,"[20, 23, 26, 28, 29, 37, 38, 40]"
lvbench:1689,lvbench,mdp3_8,"[1, 5, 20, 22, 23, 32, 42, 59]"
lvbench:1689,lvbench,plain_dpp_8,"[1, 5, 20, 23, 32, 42, 58, 59]"
lvbench:1697,lvbench,mdp3_8,"[12, 19, 39, 41, 48, 51, 53, 54]"
lvbench:1697,lvbench,plain_dpp_8,"[12, 19, 39, 41, 48, 51, 53, 54]"
lvbench:17,lvbench,mdp3_8,"[0, 16, 19, 20, 42, 46, 52, 63]"
lvbench:17,lvbench,plain_dpp_8,"[7, 16, 20, 42, 46, 49, 52, 63]"
lvbench:1703,lvbench,mdp3_8,"[22, 25, 26, 38, 54, 58, 60, 62]"
lvbench:1703,lvbench,plain_dpp_8,"[20, 22, 25, 26, 30, 54, 58, 62]"
lvbench:1744,lvbench,mdp3_8,"[5, 8, 27, 41, 46, 47, 59, 63]"
lvbench:1744,lvbench,plain_dpp_8,"[5, 8, 27, 29, 41, 47, 59, 63]"
lvbench:1745,lvbench,mdp3_8,"[5, 7, 26, 29, 32, 46, 47, 52]"
lvbench:1745,lvbench,plain_dpp_8,"[5, 7, 13, 18, 26, 32, 46, 52]"
lvbench:1746,lvbench,mdp3_8,"[9, 15, 18, 28, 32, 38, 43, 57]"
lvbench:1746,lvbench,plain_dpp_8,"[1, 9, 18, 28, 32, 38, 43, 57]"
lvbench:1757,lvbench,mdp3_8,"[5, 7, 22, 29, 38, 40, 45, 46]"
lvbench:1757,lvbench,plain_dpp_8,"[5, 7, 10, 17, 22, 38, 40, 46]"
lvbench:1821,lvbench,mdp3_8,"[1, 4, 13, 17, 29, 36, 37, 45]"
lvbench:1821,lvbench,plain_dpp_8,"[4, 13, 17, 29, 37, 47, 48, 62]"
lvbench:1829,lvbench,mdp3_8,"[2, 6, 13, 17, 23, 32, 36, 62]"
lvbench:1829,lvbench,plain_dpp_8,"[2, 3, 13, 19, 23, 32, 36, 62]"
lvbench:1830,lvbench,mdp3_8,"[3, 11, 31, 43, 47, 57, 59, 60]"
lvbench:1830,lvbench,plain_dpp_8,"[3, 11, 31, 40, 43, 57, 59, 60]"
lvbench:1845,lvbench,mdp3_8,"[2, 10, 13, 29, 32, 34, 50, 57]"
lvbench:1845,lvbench,plain_dpp_8,"[2, 10, 13, 32, 34, 50, 58, 60]"
lvbench:1853,lvbench,mdp3_8,"[1, 6, 10, 12, 34, 36, 44, 63]"
lvbench:1853,lvbench,plain_dpp_8,"[6, 10, 34, 36, 44, 46, 58, 63]"
lvbench:1855,lvbench,mdp3_8,"[0, 4, 5, 6, 12, 35, 36, 45]"
lvbench:1855,lvbench,plain_dpp_8,"[0, 4, 5, 6, 12, 14, 18, 45]"
lvbench:1856,lvbench,mdp3_8,"[1, 4, 6, 31, 36, 42, 56, 58]"
lvbench:1856,lvbench,plain_dpp_8,"[4, 5, 6, 31, 36, 45, 56, 58]"
lvbench:1861,lvbench,mdp3_8,"[1, 21, 31, 36, 44, 45, 56, 63]"
lvbench:1861,lvbench,plain_dpp_8,"[11, 13, 25, 31, 36, 44, 45, 63]"
lvbench:1886,lvbench,mdp3_8,"[1, 13, 27, 28, 30, 39, 43, 61]"
lvbench:1886,lvbench,plain_dpp_8,"[1, 10, 13, 27, 28, 30, 39, 63]"
lvbench:1890,lvbench,mdp3_8,"[3, 19, 20, 21, 41, 42, 58, 63]"
lvbench:1890,lvbench,plain_dpp_8,"[2, 3, 10, 19, 20, 21, 41, 63]"
lvbench:1896,lvbench,mdp3_8,"[4, 19, 26, 30, 39, 52, 54, 63]"
lvbench:1896,lvbench,plain_dpp_8,"[4, 10, 18, 19, 30, 39, 52, 63]"
lvbench:19,lvbench,mdp3_8,"[3, 7, 19, 21, 42, 53, 54, 60]"
lvbench:19,lvbench,plain_dpp_8,"[7, 19, 21, 42, 52, 53, 54, 60]"
lvbench:1900,lvbench,mdp3_8,"[2, 27, 31, 35, 36, 37, 41, 50]"
lvbench:1900,lvbench,plain_dpp_8,"[27, 28, 33, 35, 37, 39, 41, 50]"
lvbench:1904,lvbench,mdp3_8,"[4, 21, 24, 30, 39, 41, 54, 60]"
lvbench:1904,lvbench,plain_dpp_8,"[4, 10, 19, 30, 35, 39, 41, 60]"
lvbench:1907,lvbench,mdp3_8,"[4, 10, 17, 23, 41, 50, 54, 63]"
lvbench:1907,lvbench,plain_dpp_8,"[1, 4, 10, 17, 32, 41, 50, 63]"
lvbench:1909,lvbench,mdp3_8,"[10, 11, 17, 20, 23, 43, 50, 63]"
lvbench:1909,lvbench,plain_dpp_8,"[6, 11, 17, 20, 23, 43, 50, 63]"
lvbench:1915,lvbench,mdp3_8,"[0, 2, 6, 11, 17, 41, 62, 63]"
lvbench:1915,lvbench,plain_dpp_8,"[2, 6, 9, 14, 17, 25, 41, 63]"
lvbench:1928,lvbench,mdp3_8,"[9, 20, 27, 28, 49, 50, 53, 60]"
lvbench:1928,lvbench,plain_dpp_8,"[12, 20, 27, 28, 39, 50, 53, 60]"
lvbench:1934,lvbench,mdp3_8,"[0, 11, 12, 16, 39, 41, 49, 51]"
lvbench:1934,lvbench,plain_dpp_8,"[0, 11, 21, 34, 39, 40, 45, 49]"
lvbench:1937,lvbench,mdp3_8,"[2, 9, 12, 16, 39, 49, 58, 61]"
lvbench:1937,lvbench,plain_dpp_8,"[2, 9, 16, 21, 39, 45, 49, 54]"
lvbench:1955,lvbench,mdp3_8,"[6, 8, 18, 41, 43, 45, 54, 63]"
lvbench:1955,lvbench,plain_dpp_8,"[18, 32, 41, 43, 45, 52, 54, 63]"
lvbench:1957,lvbench,mdp3_8,"[0, 6, 18, 23, 30, 48, 54, 63]"
lvbench:1957,lvbench,plain_dpp_8,"[0, 6, 18, 28, 32, 48, 54, 63]"
lvbench:1958,lvbench,mdp3_8,"[0, 7, 8, 21, 43, 46, 47, 63]"
lvbench:1958,lvbench,plain_dpp_8,"[7, 21, 43, 46, 47, 59, 61, 63]"
lvbench:1964,lvbench,mdp3_8,"[3, 8, 18, 28, 36, 39, 51, 63]"
lvbench:1964,lvbench,plain_dpp_8,"[3, 8, 9, 18, 28, 36, 60, 63]"
lvbench:1965,lvbench,mdp3_8,"[3, 4, 5, 6, 44, 47, 56, 61]"
lvbench:1965,lvbench,plain_dpp_8,"[3, 5, 6, 28, 44, 47, 56, 63]"
lvbench:202,lvbench,mdp3_8,"[14, 20, 25, 35, 37, 39, 40, 55]"
lvbench:202,lvbench,plain_dpp_8,"[2, 14, 19, 20, 25, 27, 40, 55]"
lvbench:2076,lvbench,mdp3_8,"[4, 7, 16, 43, 50, 52, 54, 55]"
lvbench:2076,lvbench,plain_dpp_8,"[26, 40, 43, 50, 52, 54, 55, 62]"
lvbench:2079,lvbench,mdp3_8,"[1, 25, 28, 30, 36, 43, 50, 58]"
lvbench:2079,lvbench,plain_dpp_8,"[1, 11, 25, 34, 36, 43, 50, 58]"
lvbench:2084,lvbench,mdp3_8,"[3, 11, 41, 45, 46, 50, 60, 62]"
lvbench:2084,lvbench,plain_dpp_8,"[11, 41, 45, 46, 50, 56, 60, 62]"
lvbench:2093,lvbench,mdp3_8,"[25, 29, 31, 40, 56, 58, 61, 62]"
lvbench:2093,lvbench,plain_dpp_8,"[6, 25, 31, 56, 58, 60, 61, 62]"
lvbench:2096,lvbench,mdp3_8,"[7, 32, 44, 52, 54, 56, 58, 62]"
lvbench:2096,lvbench,plain_dpp_8,"[7, 9, 31, 32, 44, 54, 56, 62]"
lvbench:2097,lvbench,mdp3_8,"[5, 9, 29, 31, 44, 46, 51, 62]"
lvbench:2097,lvbench,plain_dpp_8,"[3, 5, 9, 29, 30, 31, 44, 62]"
lvbench:2099,lvbench,mdp3_8,"[8, 24, 25, 40, 55, 57, 61, 62]"
lvbench:2099,lvbench,plain_dpp_8,"[8, 18, 24, 25, 28, 30, 57, 61]"
lvbench:21,lvbench,mdp3_8,"[4, 14, 40, 42, 48, 52, 53, 60]"
lvbench:21,lvbench,plain_dpp_8,"[3, 14, 20, 40, 42, 48, 53, 60]"
lvbench:2113,lvbench,mdp3_8,"[0, 13, 25, 29, 36, 44, 51, 58]"
lvbench:2113,lvbench,plain_dpp_8,"[0, 7, 13, 25, 31, 36, 44, 58]"
lvbench:2119,lvbench,mdp3_8,"[6, 23, 29, 31, 45, 48, 60, 63]"
lvbench:2119,lvbench,plain_dpp_8,"[6, 23, 29, 31, 45, 48, 60, 63]"
lvbench:2120,lvbench,mdp3_8,"[0, 3, 9, 30, 57, 58, 61, 62]"
lvbench:2120,lvbench,plain_dpp_8,"[0, 3, 30, 57, 58, 60, 61, 62]"
lvbench:2157,lvbench,mdp3_8,"[4, 5, 7, 10, 15, 36, 50, 59]"
lvbench:2157,lvbench,plain_dpp_8,"[4, 5, 7, 10, 18, 36, 50, 59]"
lvbench:2164,lvbench,mdp3_8,"[6, 10, 11, 24, 36, 39, 47, 50]"
lvbench:2164,lvbench,plain_dpp_8,"[6, 11, 18, 24, 36, 47, 50, 62]"
lvbench:2166,lvbench,mdp3_8,"[4, 10, 11, 32, 34, 36, 45, 60]"
lvbench:2166,lvbench,plain_dpp_8,"[4, 32, 34, 36, 45, 48, 50, 60]"
lvbench:2174,lvbench,mdp3_8,"[2, 4, 18, 27, 35, 43, 45, 47]"
lvbench:2174,lvbench,plain_dpp_8,"[2, 16, 18, 27, 35, 43, 45, 47]"
lvbench:2175,lvbench,mdp3_8,"[5, 16, 24, 27, 45, 50, 60, 62]"
lvbench:2175,lvbench,plain_dpp_8,"[23, 26, 27, 45, 49, 50, 60, 62]"
lvbench:2176,lvbench,mdp3_8,"[12, 20, 48, 49, 51, 53, 54, 59]"
lvbench:2176,lvbench,plain_dpp_8,"[12, 48, 49, 51, 52, 53, 54, 59]"
lvbench:2179,lvbench,mdp3_8,"[5, 15, 16, 40, 43, 44, 45, 62]"
lvbench:2179,lvbench,plain_dpp_8,"[15, 16, 23, 31, 43, 44, 45, 62]"
lvbench:218,lvbench,mdp3_8,"[7, 21, 27, 40, 43, 44, 47, 55]"
lvbench:218,lvbench,plain_dpp_8,"[7, 19, 27, 35, 40, 44, 47, 55]"
lvbench:2245,lvbench,mdp3_8,"[5, 8, 10, 15, 18, 45, 56, 63]"
lvbench:2245,lvbench,plain_dpp_8,"[5, 10, 15, 38, 44, 48, 58, 63]"
lvbench:2248,lvbench,mdp3_8,"[1, 5, 10, 14, 21, 37, 38, 41]"
lvbench:2248,lvbench,plain_dpp_8,"[1, 5, 10, 14, 21, 37, 38, 54]"
lvbench:2250,lvbench,mdp3_8,"[7, 12, 17, 32, 48, 52, 58, 63]"
lvbench:2250,lvbench,plain_dpp_8,"[12, 17, 19, 32, 48, 52, 58, 63]"
lvbench:2256,lvbench,mdp3_8,"[1, 15, 30, 31, 32, 43, 50, 63]"
lvbench:2256,lvbench,plain_dpp_8,"[15, 30, 32, 37, 48, 50, 60, 63]"
lvbench:2259,lvbench,mdp3_8,"[11, 12, 15, 21, 32, 54, 57, 63]"
lvbench:2259,lvbench,plain_dpp_8,"[11, 12, 21, 32, 37, 54, 57, 63]"
lvbench:2262,lvbench,mdp3_8,"[1, 12, 13, 17, 32, 44, 50, 52]"
lvbench:2262,lvbench,plain_dpp_8,"[1, 12, 17, 19, 32, 44, 50, 52]"
lvbench:2265,lvbench,mdp3_8,"[18, 19, 27, 31, 37, 38, 41, 55]"
lvbench:2265,lvbench,plain_dpp_8,"[5, 18, 27, 31, 37, 38, 41, 55]"
lvbench:2268,lvbench,mdp3_8,"[1, 2, 21, 30, 32, 37, 50, 60]"
lvbench:2268,lvbench,plain_dpp_8,"[1, 21, 30, 32, 37, 44, 50, 60]"
lvbench:2271,lvbench,mdp3_8,"[1, 4, 5, 12, 37, 44, 48, 52]"
lvbench:2271,lvbench,plain_dpp_8,"[1, 4, 5, 14, 19, 38, 48, 52]"
lvbench:2283,lvbench,mdp3_8,"[0, 12, 18, 22, 41, 56, 58, 60]"
lvbench:2283,lvbench,plain_dpp_8,"[0, 4, 18, 22, 26, 41, 58, 60]"
lvbench:2286,lvbench,mdp3_8,"[9, 23, 29, 33, 36, 41, 50, 52]"
lvbench:2286,lvbench,plain_dpp_8,"[9, 29, 33, 36, 41, 50, 52, 62]"
lvbench:2290,lvbench,mdp3_8,"[7, 28, 31, 34, 41, 43, 50, 54]"
lvbench:2290,lvbench,plain_dpp_8,"[26, 28, 31, 33, 34, 41, 50, 54]"
lvbench:2291,lvbench,mdp3_8,"[3, 4, 5, 16, 18, 55, 60, 61]"
lvbench:2291,lvbench,plain_dpp_8,"[3, 4, 5, 16, 18, 56, 60, 61]"
lvbench:2293,lvbench,mdp3_8,"[4, 11, 23, 29, 41, 53, 58, 60]"
lvbench:2293,lvbench,plain_dpp_8,"[4, 22, 29, 41, 53, 56, 58, 60]"
lvbench:2303,lvbench,mdp3_8,"[1, 4, 18, 19, 23, 26, 47, 58]"
lvbench:2303,lvbench,plain_dpp_8,"[1, 4, 18, 19, 20, 23, 26, 58]"
lvbench:2362,lvbench,mdp3_8,"[4, 14, 19, 28, 41, 44, 50, 51]"
lvbench:2362,lvbench,plain_dpp_8,"[4, 14, 28, 41, 44, 50, 51, 62]"
lvbench:2370,lvbench,mdp3_8,"[4, 14, 16, 19, 21, 44, 50, 63]"
lvbench:2370,lvbench,plain_dpp_8,"[4, 10, 14, 44, 50, 55, 62, 63]"
lvbench:2376,lvbench,mdp3_8,"[4, 5, 14, 19, 28, 41, 42, 50]"
lvbench:2376,lvbench,plain_dpp_8,"[4, 5, 14, 28, 38, 41, 42, 50]"
lvbench:2390,lvbench,mdp3_8,"[4, 19, 28, 42, 44, 49, 50, 59]"
lvbench:2390,lvbench,plain_dpp_8,"[4, 17, 29, 42, 44, 49, 50, 59]"
lvbench:2394,lvbench,mdp3_8,"[1, 2, 4, 13, 14, 30, 34, 53]"
lvbench:2394,lvbench,plain_dpp_8,"[1, 2, 4, 13, 14, 19, 30, 53]"
lvbench:2407,lvbench,mdp3_8,"[4, 13, 20, 23, 34, 35, 48, 62]"
lvbench:2407,lvbench,plain_dpp_8,"[4, 13, 23, 34, 35, 47, 48, 62]"
lvbench:2413,lvbench,mdp3_8,"[11, 13, 23, 29, 36, 47, 60, 62]"
lvbench:2413,lvbench,plain_dpp_8,"[1, 2, 11, 13, 29, 47, 60, 62]"
lvbench:2453,lvbench,mdp3_8,"[1, 9, 10, 24, 36, 46, 47, 59]"
lvbench:2453,lvbench,plain_dpp_8,"[1, 4, 9, 10, 24, 31, 46, 59]"
lvbench:2455,lvbench,mdp3_8,"[0, 2, 3, 18, 24, 36, 60, 62]"
lvbench:2455,lvbench,plain_dpp_8,"[0, 2, 3, 14, 24, 36, 46, 60]"
lvbench:2456,lvbench,mdp3_8,"[6, 9, 10, 18, 24, 46, 50, 56]"
lvbench:2456,lvbench,plain_dpp_8,"[3, 6, 9, 10, 18, 24, 46, 55]"
lvbench:2459,lvbench,mdp3_8,"[3, 9, 22, 24, 36, 40, 46, 47]"
lvbench:2459,lvbench,plain_dpp_8,"[3, 9, 24, 36, 40, 46, 57, 59]"
lvbench:2468,lvbench,mdp3_8,"[9, 10, 18, 24, 46, 47, 49, 61]"
lvbench:2468,lvbench,plain_dpp_8,"[1, 9, 10, 18, 24, 46, 47, 49]"
lvbench:2479,lvbench,mdp3_8,"[1, 8, 10, 18, 42, 48, 51, 62]"
lvbench:2479,lvbench,plain_dpp_8,"[1, 4, 24, 44, 46, 48, 51, 62]"
lvbench:2480,lvbench,mdp3_8,"[2, 8, 18, 39, 41, 48, 50, 51]"
lvbench:2480,lvbench,plain_dpp_8,"[2, 8, 18, 41, 47, 48, 50, 51]"
lvbench:2483,lvbench,mdp3_8,"[1, 12, 18, 24, 38, 46, 48, 62]"
lvbench:2483,lvbench,plain_dpp_8,"[1, 12, 18, 24, 38, 46, 48, 62]"
lvbench:2487,lvbench,mdp3_8,"[10, 12, 18, 22, 25, 41, 44, 62]"
lvbench:2487,lvbench,plain_dpp_8,"[10, 12, 18, 22, 25, 38, 41, 62]"
lvbench:2501,lvbench,mdp3_8,"[0, 1, 14, 16, 19, 32, 47, 48]"
lvbench:2501,lvbench,plain_dpp_8,"[0, 1, 14, 16, 19, 32, 47, 48]"
lvbench:2502,lvbench,mdp3_8,"[8, 12, 18, 29, 44, 46, 48, 50]"
lvbench:2502,lvbench,plain_dpp_8,"[8, 12, 18, 42, 44, 46, 48, 50]"
lvbench:252,lvbench,mdp3_8,"[0, 14, 17, 32, 39, 43, 50, 63]"
lvbench:252,lvbench,plain_dpp_8,"[14, 17, 32, 39, 43, 48, 50, 63]"
lvbench:254,lvbench,mdp3_8,"[3, 8, 15, 30, 33, 39, 51, 60]"
lvbench:254,lvbench,plain_dpp_8,"[4, 6, 8, 15, 30, 33, 39, 43]"
lvbench:255,lvbench,mdp3_8,"[3, 8, 10, 12, 28, 33, 37, 44]"
lvbench:255,lvbench,plain_dpp_8,"[3, 5, 8, 10, 12, 28, 37, 44]"
lvbench:2568,lvbench,mdp3_8,"[3, 4, 5, 8, 22, 31, 48, 63]"
lvbench:2568,lvbench,plain_dpp_8,"[3, 4, 5, 8, 22, 31, 48, 63]"
lvbench:2573,lvbench,mdp3_8,"[4, 5, 18, 20, 24, 31, 59, 63]"
lvbench:2573,lvbench,plain_dpp_8,"[3, 4, 5, 13, 18, 24, 43, 63]"
lvbench:2574,lvbench,mdp3_8,"[2, 3, 4, 5, 13, 24, 32, 63]"
lvbench:2574,lvbench,plain_dpp_8,"[2, 3, 4, 5, 18, 32, 37, 63]"
lvbench:2580,lvbench,mdp3_8,"[0, 4, 5, 8, 53, 56, 62, 63]"
lvbench:2580,lvbench,plain_dpp_8,"[0, 3, 4, 5, 34, 56, 62, 63]"
lvbench:2584,lvbench,mdp3_8,"[3, 6, 21, 23, 35, 36, 57, 63]"
lvbench:2584,lvbench,plain_dpp_8,"[3, 6, 21, 23, 31, 35, 57, 63]"
lvbench:2596,lvbench,mdp3_8,"[3, 6, 29, 31, 33, 34, 57, 61]"
lvbench:2596,lvbench,plain_dpp_8,"[3, 6, 16, 31, 33, 34, 57, 61]"
lvbench:2597,lvbench,mdp3_8,"[4, 6, 16, 31, 33, 34, 48, 57]"
lvbench:2597,lvbench,plain_dpp_8,"[3, 4, 6, 16, 31, 33, 34, 57]"
lvbench:2599,lvbench,mdp3_8,"[9, 16, 21, 38, 39, 43, 47, 63]"
lvbench:2599,lvbench,plain_dpp_8,"[6, 7, 16, 21, 38, 39, 43, 63]"
lvbench:26,lvbench,mdp3_8,"[0, 12, 16, 24, 41, 45, 62, 63]"
lvbench:26,lvbench,plain_dpp_8,"[0, 3, 24, 45, 48, 51, 62, 63]"
lvbench:2601,lvbench,mdp3_8,"[1, 3, 6, 16, 36, 39, 43, 63]"
lvbench:2601,lvbench,plain_dpp_8,"[1, 3, 6, 16, 36, 39, 43, 63]"
lvbench:2651,lvbench,mdp3_8,"[9, 11, 15, 25, 32, 33, 37, 42]"
lvbench:2651,lvbench,plain_dpp_8,"[9, 11, 15, 25, 26, 32, 33, 37]"
lvbench:2652,lvbench,mdp3_8,"[17, 29, 30, 32, 37, 38, 39, 52]"
lvbench:2652,lvbench,plain_dpp_8,"[17, 29, 30, 32, 37, 38, 39, 52]"
lvbench:2665,lvbench,mdp3_8,"[2, 3, 5, 6, 7, 9, 32, 58]"
lvbench:2665,lvbench,plain_dpp_8,"[2, 3, 5, 6, 7, 9, 29, 58]"
lvbench:2672,lvbench,mdp3_8,"[12, 14, 23, 24, 34, 39, 41, 57]"
lvbench:2672,lvbench,plain_dpp_8,"[12, 14, 21, 34, 39, 40, 41, 54]"
lvbench:2675,lvbench,mdp3_8,"[2, 3, 11, 23, 26, 29, 43, 54]"
lvbench:2675,lvbench,plain_dpp_8,"[2, 3, 11, 20, 23, 26, 29, 54]"
lvbench:2682,lvbench,mdp3_8,"[1, 3, 13, 19, 36, 38, 40, 41]"
lvbench:2682,lvbench,plain_dpp_8,"[1, 3, 13, 16, 19, 30, 38, 40]"
lvbench:2689,lvbench,mdp3_8,"[14, 19, 23, 29, 39, 50, 54, 55]"
lvbench:2689,lvbench,plain_dpp_8,"[14, 19, 23, 29, 39, 53, 54, 56]"
lvbench:2728,lvbench,mdp3_8,"[1, 4, 16, 18, 22, 23, 38, 53]"
lvbench:2728,lvbench,plain_dpp_8,"[1, 4, 16, 18, 21, 22, 23, 38]"
lvbench:2729,lvbench,mdp3_8,"[1, 10, 18, 21, 23, 30, 44, 62]"
lvbench:2729,lvbench,plain_dpp_8,"[1, 10, 18, 21, 23, 30, 44, 62]"
lvbench:2736,lvbench,mdp3_8,"[1, 4, 7, 13, 30, 38, 44, 63]"
lvbench:2736,lvbench,plain_dpp_8,"[0, 1, 4, 7, 13, 38, 57, 63]"
lvbench:274,lvbench,mdp3_8,"[10, 15, 24, 29, 37, 51, 59, 60]"
lvbench:274,lvbench,plain_dpp_8,"[10, 15, 29, 37, 39, 51, 59, 60]"
lvbench:2750,lvbench,mdp3_8,"[0, 1, 4, 23, 25, 38, 55, 58]"
lvbench:2750,lvbench,plain_dpp_8,"[0, 1, 4, 22, 23, 25, 55, 58]"
lvbench:2753,lvbench,mdp3_8,"[2, 8, 13, 14, 16, 25, 33, 43]"
lvbench:2753,lvbench,plain_dpp_8,"[2, 8, 13, 14, 16, 20, 25, 43]"
lvbench:2754,lvbench,mdp3_8,"[1, 3, 9, 21, 38, 40, 52, 57]"
lvbench:2754,lvbench,plain_dpp_8,"[1, 3, 8, 9, 21, 40, 52, 63]"
lvbench:2763,lvbench,mdp3_8,"[1, 3, 5, 8, 20, 25, 48, 60]"
lvbench:2763,lvbench,plain_dpp_8,"[1, 3, 5, 8, 20, 25, 48, 60]"
lvbench:2767,lvbench,mdp3_8,"[1, 3, 13, 18, 25, 44, 48, 60]"
lvbench:2767,lvbench,plain_dpp_8,"[1, 3, 13, 18, 25, 44, 48, 60]"
lvbench:277,lvbench,mdp3_8,"[3, 8, 10, 33, 37, 39, 43, 44]"
lvbench:277,lvbench,plain_dpp_8,"[3, 10, 14, 33, 37, 39, 43, 58]"
lvbench:2771,lvbench,mdp3_8,"[1, 10, 12, 39, 40, 47, 50, 59]"
lvbench:2771,lvbench,plain_dpp_8,"[1, 10, 12, 25, 39, 47, 50, 59]"
lvbench:2779,lvbench,mdp3_8,"[1, 2, 3, 8, 12, 25, 50, 60]"
lvbench:2779,lvbench,plain_dpp_8,"[1, 2, 3, 6, 8, 12, 25, 60]"
lvbench:278,lvbench,mdp3_8,"[4, 8, 15, 29, 33, 37, 42, 61]"
lvbench:278,lvbench,plain_dpp_8,"[4, 15, 29, 32, 33, 37, 42, 61]"
lvbench:2783,lvbench,mdp3_8,"[5, 25, 29, 32, 34, 43, 46, 47]"
lvbench:2783,lvbench,plain_dpp_8,"[3, 5, 23, 25, 29, 34, 43, 47]"
lvbench:2790,lvbench,mdp3_8,"[3, 13, 21, 30, 36, 48, 49, 51]"
lvbench:2790,lvbench,plain_dpp_8,"[3, 13, 21, 36, 38, 48, 49, 51]"
lvbench:2795,lvbench,mdp3_8,"[3, 6, 11, 13, 32, 41, 47, 60]"
lvbench:2795,lvbench,plain_dpp_8,"[3, 11, 32, 39, 41, 47, 49, 60]"
lvbench:2804,lvbench,mdp3_8,"[5, 11, 25, 29, 31, 41, 43, 46]"
lvbench:2804,lvbench,plain_dpp_8,"[1, 5, 23, 29, 31, 41, 43, 46]"
lvbench:2805,lvbench,mdp3_8,"[15, 17, 23, 25, 31, 32, 35, 46]"
lvbench:2805,lvbench,plain_dpp_8,"[15, 17, 23, 25, 31, 32, 35, 46]"
lvbench:2807,lvbench,mdp3_8,"[3, 6, 17, 25, 46, 47, 54, 57]"
lvbench:2807,lvbench,plain_dpp_8,"[3, 17, 25, 41, 46, 47, 54, 57]"
lvbench:2809,lvbench,mdp3_8,"[3, 15, 25, 31, 34, 41, 46, 47]"
lvbench:2809,lvbench,plain_dpp_8,"[3, 15, 25, 31, 34, 41, 46, 47]"
lvbench:2815,lvbench,mdp3_8,"[4, 5, 7, 9, 10, 32, 35, 52]"
lvbench:2815,lvbench,plain_dpp_8,"[2, 4, 5, 7, 9, 10, 12, 32]"
lvbench:2819,lvbench,mdp3_8,"[10, 11, 27, 29, 30, 35, 37, 62]"
lvbench:2819,lvbench,plain_dpp_8,"[10, 14, 27, 30, 32, 41, 60, 62]"
lvbench:2822,lvbench,mdp3_8,"[5, 23, 24, 27, 40, 53, 54, 59]"
lvbench:2822,lvbench,plain_dpp_8,"[5, 23, 24, 27, 40, 53, 54, 59]"
lvbench:2824,lvbench,mdp3_8,"[6, 10, 26, 28, 35, 44, 47, 58]"
lvbench:2824,lvbench,plain_dpp_8,"[6, 10, 26, 28, 31, 44, 47, 51]"
lvbench:2828,lvbench,mdp3_8,"[6, 18, 19, 31, 35, 40, 47, 49]"
lvbench:2828,lvbench,plain_dpp_8,"[6, 18, 31, 40, 44, 47, 49, 63]"
lvbench:2832,lvbench,mdp3_8,"[7, 10, 16, 40, 43, 48, 56, 63]"
lvbench:2832,lvbench,plain_dpp_8,"[7, 10, 16, 31, 43, 48, 56, 63]"
lvbench:2869,lvbench,mdp3_8,"[1, 8, 13, 15, 38, 44, 55, 60]"
lvbench:2869,lvbench,plain_dpp_8,"[1, 4, 13, 15, 38, 44, 55, 60]"
lvbench:288,lvbench,mdp3_8,"[21, 24, 28, 31, 32, 34, 55, 57]"
lvbench:288,lvbench,plain_dpp_8,"[21, 31, 32, 34, 35, 52, 55, 57]"
lvbench:2882,lvbench,mdp3_8,"[4, 5, 6, 13, 19, 45, 49, 57]"
lvbench:2882,lvbench,plain_dpp_8,"[4, 5, 6, 13, 19, 45, 49, 57]"
lvbench:2883,lvbench,mdp3_8,"[0, 5, 8, 15, 16, 31, 55, 56]"
lvbench:2883,lvbench,plain_dpp_8,"[0, 5, 8, 15, 16, 31, 55, 56]"
lvbench:2893,lvbench,mdp3_8,"[2, 5, 13, 24, 26, 44, 45, 57]"
lvbench:2893,lvbench,plain_dpp_8,"[2, 5, 8, 13, 24, 26, 44, 45]"
lvbench:2894,lvbench,mdp3_8,"[4, 5, 10, 31, 47, 48, 49, 55]"
lvbench:2894,lvbench,plain_dpp_8,"[4, 5, 8, 10, 31, 47, 48, 49]"
lvbench:2898,lvbench,mdp3_8,"[14, 17, 18, 25, 40, 46, 51, 60]"
lvbench:2898,lvbench,plain_dpp_8,"[14, 17, 18, 25, 40, 46, 51, 60]"
lvbench:2899,lvbench,mdp3_8,"[6, 8, 12, 23, 44, 45, 48, 63]"
lvbench:2899,lvbench,plain_dpp_8,"[2, 6, 8, 12, 23, 24, 26, 45]"
lvbench:2900,lvbench,mdp3_8,"[2, 6, 8, 10, 44, 58, 59, 63]"
lvbench:2900,lvbench,plain_dpp_8,"[2, 6, 8, 10, 53, 58, 59, 63]"
lvbench:2909,lvbench,mdp3_8,"[8, 11, 12, 14, 23, 45, 49, 57]"
lvbench:2909,lvbench,plain_dpp_8,"[8, 11, 12, 14, 17, 23, 49, 57]"
lvbench:2912,lvbench,mdp3_8,"[9, 14, 17, 18, 25, 40, 53, 54]"
lvbench:2912,lvbench,plain_dpp_8,"[14, 15, 17, 18, 25, 40, 53, 54]"
lvbench:2913,lvbench,mdp3_8,"[11, 14, 17, 25, 51, 53, 54, 57]"
lvbench:2913,lvbench,plain_dpp_8,"[4, 11, 14, 17, 25, 53, 54, 57]"
lvbench:2915,lvbench,mdp3_8,"[11, 14, 25, 41, 53, 54, 57, 60]"
lvbench:2915,lvbench,plain_dpp_8,"[8, 11, 14, 25, 53, 54, 57, 60]"
lvbench:294,lvbench,mdp3_8,"[21, 22, 34, 44, 47, 52, 55, 57]"
lvbench:294,lvbench,plain_dpp_8,"[19, 21, 22, 34, 44, 52, 55, 57]"
lvbench:2965,lvbench,mdp3_8,"[4, 5, 7, 27, 32, 58, 60, 63]"
lvbench:2965,lvbench,plain_dpp_8,"[4, 5, 7, 27, 32, 58, 60, 63]"
lvbench:297,lvbench,mdp3_8,"[10, 11, 19, 27, 34, 35, 36, 56]"
lvbench:297,lvbench,plain_dpp_8,"[11, 19, 27, 34, 35, 36, 39, 56]"
lvbench:2977,lvbench,mdp3_8,"[10, 26, 28, 31, 42, 45, 52, 61]"
lvbench:2977,lvbench,plain_dpp_8,"[26, 28, 29, 32, 42, 50, 52, 61]"
lvbench:2984,lvbench,mdp3_8,"[0, 2, 29, 47, 51, 53, 57, 63]"
lvbench:2984,lvbench,plain_dpp_8,"[0, 29, 47, 50, 51, 53, 57, 63]"
lvbench:302,lvbench,mdp3_8,"[11, 17, 19, 21, 27, 40, 43, 56]"
lvbench:302,lvbench,plain_dpp_8,"[11, 17, 19, 21, 27, 40, 43, 56]"
lvbench:3025,lvbench,mdp3_8,"[12, 15, 23, 29, 30, 43, 57, 58]"
lvbench:3025,lvbench,plain_dpp_8,"[12, 15, 23, 29, 30, 43, 57, 58]"
lvbench:3027,lvbench,mdp3_8,"[2, 4, 16, 33, 35, 37, 54, 57]"
lvbench:3027,lvbench,plain_dpp_8,"[2, 4, 16, 28, 33, 35, 37, 57]"
lvbench:303,lvbench,mdp3_8,"[21, 24, 31, 33, 35, 52, 55, 57]"
lvbench:303,lvbench,plain_dpp_8,"[21, 31, 33, 34, 35, 52, 55, 57]"
lvbench:3036,lvbench,mdp3_8,"[0, 2, 35, 37, 46, 54, 57, 58]"
lvbench:3036,lvbench,plain_dpp_8,"[2, 4, 29, 35, 37, 46, 54, 58]"
lvbench:304,lvbench,mdp3_8,"[11, 19, 21, 28, 31, 34, 35, 51]"
lvbench:304,lvbench,plain_dpp_8,"[11, 19, 21, 28, 31, 34, 35, 51]"
lvbench:3044,lvbench,mdp3_8,"[1, 4, 15, 27, 28, 35, 43, 55]"
lvbench:3044,lvbench,plain_dpp_8,"[1, 15, 22, 27, 28, 35, 43, 55]"
lvbench:3045,lvbench,mdp3_8,"[2, 3, 11, 35, 45, 49, 57, 59]"
lvbench:3045,lvbench,plain_dpp_8,"[2, 3, 35, 37, 45, 49, 57, 59]"
lvbench:3047,lvbench,mdp3_8,"[1, 4, 28, 34, 37, 42, 43, 46]"
lvbench:3047,lvbench,plain_dpp_8,"[4, 15, 28, 29, 34, 37, 42, 46]"
lvbench:307,lvbench,mdp3_8,"[4, 6, 21, 30, 31, 34, 41, 51]"
lvbench:307,lvbench,plain_dpp_8,"[4, 6, 21, 30, 31, 34, 51, 53]"
lvbench:3080,lvbench,mdp3_8,"[0, 2, 7, 8, 11, 12, 22, 63]"
lvbench:3080,lvbench,plain_dpp_8,"[0, 2, 7, 8, 11, 12, 22, 23]"
lvbench:3082,lvbench,mdp3_8,"[2, 14, 17, 18, 22, 26, 40, 60]"
lvbench:3082,lvbench,plain_dpp_8,"[5, 14, 17, 18, 21, 22, 26, 40]"
lvbench:3088,lvbench,mdp3_8,"[19, 28, 33, 43, 45, 46, 50, 57]"
lvbench:3088,lvbench,plain_dpp_8,"[29, 33, 41, 43, 45, 46, 50, 57]"
lvbench:3098,lvbench,mdp3_8,"[4, 44, 46, 50, 57, 61, 62, 63]"
lvbench:3098,lvbench,plain_dpp_8,"[4, 44, 46, 50, 57, 61, 62, 63]"
lvbench:3102,lvbench,mdp3_8,"[4, 31, 34, 37, 44, 46, 57, 61]"
lvbench:3102,lvbench,plain_dpp_8,"[4, 30, 37, 39, 44, 46, 57, 61]"
lvbench:3118,lvbench,mdp3_8,"[3, 11, 17, 22, 46, 59, 61, 62]"
lvbench:3118,lvbench,plain_dpp_8,"[3, 5, 11, 17, 22, 29, 59, 62]"
lvbench:3124,lvbench,mdp3_8,"[3, 8, 9, 19, 32, 50, 56, 58]"
lvbench:3124,lvbench,plain_dpp_8,"[3, 8, 9, 17, 19, 23, 56, 58]"
lvbench:3131,lvbench,mdp3_8,"[4, 17, 25, 30, 49, 55, 59, 62]"
lvbench:3131,lvbench,plain_dpp_8,"[4, 6, 17, 22, 25, 30, 59, 62]"
lvbench:3166,lvbench,mdp3_8,"[10, 11, 21, 25, 34, 36, 50, 53]"
lvbench:3166,lvbench,plain_dpp_8,"[10, 16, 34, 36, 42, 50, 53, 56]"
lvbench:3167,lvbench,mdp3_8,"[11, 16, 21, 35, 37, 38, 42, 50]"
lvbench:3167,lvbench,plain_dpp_8,"[11, 16, 21, 34, 35, 42, 50, 56]"
lvbench:3174,lvbench,mdp3_8,"[1, 10, 11, 23, 57, 59, 62, 63]"
lvbench:3174,lvbench,plain_dpp_8,"[1, 10, 11, 23, 57, 59, 62, 63]"
lvbench:3176,lvbench,mdp3_8,"[1, 5, 16, 18, 33, 36, 39, 59]"
lvbench:3176,lvbench,plain_dpp_8,"[5, 11, 18, 32, 33, 36, 39, 59]"
lvbench:3188,lvbench,mdp3_8,"[10, 12, 21, 36, 37, 50, 55, 56]"
lvbench:3188,lvbench,plain_dpp_8,"[16, 21, 36, 37, 40, 50, 55, 56]"
lvbench:3222,lvbench,mdp3_8,"[0, 7, 8, 32, 33, 37, 48, 63]"
lvbench:3222,lvbench,plain_dpp_8,"[0, 7, 8, 32, 33, 37, 48, 63]"
lvbench:3223,lvbench,mdp3_8,"[0, 7, 8, 34, 37, 60, 62, 63]"
lvbench:3223,lvbench,plain_dpp_8,"[0, 4, 12, 32, 34, 48, 60, 63]"
lvbench:3248,lvbench,mdp3_8,"[26, 37, 43, 44, 51, 55, 56, 58]"
lvbench:3248,lvbench,plain_dpp_8,"[35, 37, 43, 44, 51, 55, 58, 61]"
lvbench:3312,lvbench,mdp3_8,"[2, 7, 15, 41, 49, 50, 55, 56]"
lvbench:3312,lvbench,plain_dpp_8,"[2, 7, 15, 41, 49, 50, 55, 56]"
lvbench:3314,lvbench,mdp3_8,"[9, 10, 18, 23, 32, 38, 41, 59]"
lvbench:3314,lvbench,plain_dpp_8,"[12, 13, 17, 23, 32, 38, 41, 59]"
lvbench:3317,lvbench,mdp3_8,"[13, 28, 32, 34, 40, 41, 43, 48]"
lvbench:3317,lvbench,plain_dpp_8,"[13, 32, 33, 34, 39, 41, 43, 48]"
lvbench:3321,lvbench,mdp3_8,"[9, 37, 41, 48, 56, 57, 58, 59]"
lvbench:3321,lvbench,plain_dpp_8,"[9, 37, 41, 48, 56, 57, 58, 59]"
lvbench:3335,lvbench,mdp3_8,"[8, 13, 18, 19, 39, 41, 45, 48]"
lvbench:3335,lvbench,plain_dpp_8,"[8, 16, 21, 24, 35, 36, 45, 50]"
lvbench:3347,lvbench,mdp3_8,"[7, 10, 17, 36, 41, 50, 57, 60]"
lvbench:3347,lvbench,plain_dpp_8,"[7, 11, 16, 17, 36, 37, 50, 57]"
lvbench:3352,lvbench,mdp3_8,"[18, 19, 27, 35, 36, 51, 57, 61]"
lvbench:3352,lvbench,plain_dpp_8,"[18, 19, 21, 24, 27, 36, 57, 61]"
lvbench:3361,lvbench,mdp3_8,"[0, 11, 17, 31, 32, 45, 50, 63]"
lvbench:3361,lvbench,plain_dpp_8,"[0, 11, 17, 27, 32, 45, 50, 60]"
lvbench:3363,lvbench,mdp3_8,"[6, 14, 17, 37, 40, 45, 50, 58]"
lvbench:3363,lvbench,plain_dpp_8,"[14, 16, 17, 35, 40, 50, 58, 60]"
lvbench:3369,lvbench,mdp3_8,"[0, 7, 11, 14, 18, 43, 55, 63]"
lvbench:3369,lvbench,plain_dpp_8,"[0, 1, 11, 12, 18, 23, 55, 58]"
lvbench:3371,lvbench,mdp3_8,"[7, 9, 17, 21, 23, 34, 37, 55]"
lvbench:3371,lvbench,plain_dpp_8,"[7, 9, 17, 21, 23, 34, 37, 55]"
lvbench:3377,lvbench,mdp3_8,"[3, 5, 6, 9, 39, 41, 48, 62]"
lvbench:3377,lvbench,plain_dpp_8,"[3, 5, 6, 9, 39, 41, 48, 62]"
lvbench:3378,lvbench,mdp3_8,"[6, 12, 20, 24, 33, 37, 41, 50]"
lvbench:3378,lvbench,plain_dpp_8,"[6, 10, 20, 22, 24, 33, 41, 50]"
lvbench:3383,lvbench,mdp3_8,"[3, 10, 13, 21, 34, 48, 55, 62]"
lvbench:3383,lvbench,plain_dpp_8,"[3, 13, 17, 21, 34, 48, 55, 62]"
lvbench:3392,lvbench,mdp3_8,"[1, 6, 17, 22, 34, 37, 39, 50]"
lvbench:3392,lvbench,plain_dpp_8,"[6, 9, 17, 22, 34, 37, 39, 50]"
lvbench:3397,lvbench,mdp3_8,"[1, 2, 6, 16, 17, 41, 45, 50]"
lvbench:3397,lvbench,plain_dpp_8,"[0, 2, 8, 9, 17, 41, 45, 50]"
lvbench:341,lvbench,mdp3_8,"[1, 2, 7, 13, 32, 46, 61, 62]"
lvbench:341,lvbench,plain_dpp_8,"[1, 2, 7, 13, 32, 46, 60, 62]"
lvbench:3413,lvbench,mdp3_8,"[0, 1, 7, 13, 19, 26, 30, 62]"
lvbench:3413,lvbench,plain_dpp_8,"[0, 1, 7, 13, 19, 26, 30, 62]"
lvbench:3416,lvbench,mdp3_8,"[3, 10, 12, 25, 29, 30, 36, 51]"
lvbench:3416,lvbench,plain_dpp_8,"[3, 5, 10, 12, 25, 29, 30, 51]"
lvbench:3419,lvbench,mdp3_8,"[7, 13, 17, 22, 30, 37, 38, 42]"
lvbench:3419,lvbench,plain_dpp_8,"[7, 13, 17, 22, 28, 30, 38, 42]"
lvbench:3420,lvbench,mdp3_8,"[0, 7, 10, 14, 22, 25, 30, 32]"
lvbench:3420,lvbench,plain_dpp_8,"[0, 7, 10, 14, 22, 23, 25, 30]"
lvbench:3425,lvbench,mdp3_8,"[7, 15, 21, 25, 28, 32, 36, 41]"
lvbench:3425,lvbench,plain_dpp_8,"[7, 21, 22, 25, 28, 32, 36, 41]"
lvbench:3439,lvbench,mdp3_8,"[1, 21, 25, 28, 30, 33, 39, 52]"
lvbench:3439,lvbench,plain_dpp_8,"[1, 21, 25, 27, 28, 33, 38, 39]"
lvbench:3443,lvbench,mdp3_8,"[5, 7, 11, 21, 33, 51, 57, 59]"
lvbench:3443,lvbench,plain_dpp_8,"[7, 9, 11, 21, 30, 48, 57, 59]"
lvbench:3444,lvbench,mdp3_8,"[2, 7, 16, 28, 33, 42, 54, 63]"
lvbench:3444,lvbench,plain_dpp_8,"[7, 16, 28, 33, 38, 53, 54, 63]"
lvbench:3446,lvbench,mdp3_8,"[0, 7, 10, 18, 33, 39, 40, 63]"
lvbench:3446,lvbench,plain_dpp_8,"[7, 10, 18, 33, 39, 40, 53, 63]"
lvbench:3449,lvbench,mdp3_8,"[7, 9, 19, 26, 33, 38, 57, 63]"
lvbench:3449,lvbench,plain_dpp_8,"[7, 9, 19, 33, 38, 39, 57, 63]"
lvbench:3453,lvbench,mdp3_8,"[7, 22, 26, 27, 28, 38, 39, 54]"
lvbench:3453,lvbench,plain_dpp_8,"[7, 11, 22, 26, 27, 28, 39, 54]"
lvbench:3455,lvbench,mdp3_8,"[7, 16, 26, 36, 39, 54, 60, 61]"
lvbench:3455,lvbench,plain_dpp_8,"[7, 26, 36, 39, 54, 57, 60, 61]"
lvbench:3462,lvbench,mdp3_8,"[0, 2, 20, 23, 36, 37, 61, 63]"
lvbench:3462,lvbench,plain_dpp_8,"[0, 2, 18, 20, 23, 36, 37, 61]"
lvbench:3472,lvbench,mdp3_8,"[0, 2, 8, 11, 20, 39, 40, 44]"
lvbench:3472,lvbench,plain_dpp_8,"[2, 3, 8, 11, 20, 39, 40, 44]"
lvbench:3475,lvbench,mdp3_8,"[6, 27, 28, 29, 30, 32, 34, 59]"
lvbench:3475,lvbench,plain_dpp_8,"[12, 27, 28, 29, 30, 34, 57, 59]"
lvbench:3480,lvbench,mdp3_8,"[3, 17, 18, 21, 36, 37, 38, 57]"
lvbench:3480,lvbench,plain_dpp_8,"[3, 17, 18, 21, 36, 37, 38, 57]"
lvbench:3529,lvbench,mdp3_8,"[0, 25, 28, 31, 57, 59, 60, 63]"
lvbench:3529,lvbench,plain_dpp_8,"[0, 25, 28, 37, 49, 59, 60, 63]"
lvbench:353,lvbench,mdp3_8,"[7, 12, 15, 35, 36, 44, 45, 51]"
lvbench:353,lvbench,plain_dpp_8,"[12, 13, 15, 25, 35, 36, 44, 51]"
lvbench:3533,lvbench,mdp3_8,"[0, 10, 23, 25, 28, 44, 49, 51]"
lvbench:3533,lvbench,plain_dpp_8,"[0, 1, 23, 25, 44, 49, 57, 59]"
lvbench:3535,lvbench,mdp3_8,"[10, 11, 21, 23, 28, 32, 44, 54]"
lvbench:3535,lvbench,plain_dpp_8,"[10, 11, 17, 21, 25, 43, 47, 59]"
lvbench:3544,lvbench,mdp3_8,"[0, 6, 11, 23, 28, 49, 60, 63]"
lvbench:3544,lvbench,plain_dpp_8,"[0, 1, 21, 23, 28, 49, 52, 63]"
lvbench:357,lvbench,mdp3_8,"[4, 7, 11, 16, 30, 44, 47, 53]"
lvbench:357,lvbench,plain_dpp_8,"[4, 7, 11, 16, 30, 44, 47, 53]"
lvbench:3630,lvbench,mdp3_8,"[4, 20, 22, 26, 29, 34, 50, 57]"
lvbench:3630,lvbench,plain_dpp_8,"[4, 7, 20, 22, 26, 31, 34, 60]"
lvbench:3633,lvbench,mdp3_8,"[4, 12, 20, 32, 41, 46, 62, 63]"
lvbench:3633,lvbench,plain_dpp_8,"[4, 20, 34, 52, 60, 61, 62, 63]"
lvbench:3642,lvbench,mdp3_8,"[0, 2, 3, 22, 29, 36, 37, 60]"
lvbench:3642,lvbench,plain_dpp_8,"[0, 3, 22, 29, 36, 37, 55, 60]"
lvbench:3646,lvbench,mdp3_8,"[4, 5, 7, 22, 33, 53, 60, 62]"
lvbench:3646,lvbench,plain_dpp_8,"[5, 7, 20, 22, 41, 53, 60, 62]"
lvbench:37,lvbench,mdp3_8,"[7, 23, 25, 26, 35, 36, 37, 62]"
lvbench:37,lvbench,plain_dpp_8,"[3, 7, 21, 26, 35, 36, 52, 62]"
lvbench:3783,lvbench,mdp3_8,"[2, 10, 14, 27, 47, 54, 60, 63]"
lvbench:3783,lvbench,plain_dpp_8,"[2, 4, 10, 27, 47, 54, 57, 63]"
lvbench:3785,lvbench,mdp3_8,"[2, 19, 25, 27, 47, 49, 54, 63]"
lvbench:3785,lvbench,plain_dpp_8,"[0, 2, 18, 19, 25, 27, 54, 63]"
lvbench:3787,lvbench,mdp3_8,"[4, 10, 18, 27, 33, 51, 57, 63]"
lvbench:3787,lvbench,plain_dpp_8,"[4, 10, 18, 27, 31, 51, 57, 63]"
lvbench:3789,lvbench,mdp3_8,"[10, 14, 19, 27, 47, 53, 54, 56]"
lvbench:3789,lvbench,plain_dpp_8,"[10, 17, 19, 27, 53, 54, 56, 57]"
lvbench:3791,lvbench,mdp3_8,"[0, 2, 14, 17, 18, 22, 54, 57]"
lvbench:3791,lvbench,plain_dpp_8,"[0, 2, 18, 19, 22, 23, 54, 57]"
lvbench:3792,lvbench,mdp3_8,"[2, 10, 14, 27, 33, 54, 57, 63]"
lvbench:3792,lvbench,plain_dpp_8,"[2, 4, 10, 27, 53, 54, 57, 63]"
lvbench:3798,lvbench,mdp3_8,"[2, 4, 18, 27, 33, 49, 54, 60]"
lvbench:3798,lvbench,plain_dpp_8,"[2, 9, 18, 27, 47, 54, 59, 60]"
lvbench:38,lvbench,mdp3_8,"[21, 25, 26, 28, 31, 45, 52, 60]"
lvbench:38,lvbench,plain_dpp_8,"[1, 21, 25, 26, 28, 31, 51, 62]"
lvbench:3919,lvbench,mdp3_8,"[2, 6, 26, 28, 35, 42, 52, 63]"
lvbench:3919,lvbench,plain_dpp_8,"[2, 3, 32, 35, 42, 44, 52, 63]"
lvbench:3924,lvbench,mdp3_8,"[1, 2, 10, 12, 26, 42, 53, 58]"
lvbench:3924,lvbench,plain_dpp_8,"[2, 10, 12, 26, 39, 42, 53, 58]"
lvbench:3927,lvbench,mdp3_8,"[3, 5, 12, 28, 29, 43, 55, 58]"
lvbench:3927,lvbench,plain_dpp_8,"[2, 3, 10, 12, 28, 52, 57, 58]"
lvbench:3934,lvbench,mdp3_8,"[9, 10, 27, 28, 35, 39, 41, 56]"
lvbench:3934,lvbench,plain_dpp_8,"[2, 10, 12, 27, 28, 35, 39, 41]"
lvbench:3937,lvbench,mdp3_8,"[3, 6, 12, 26, 35, 42, 52, 58]"
lvbench:3937,lvbench,plain_dpp_8,"[2, 3, 6, 12, 26, 35, 52, 58]"
lvbench:3939,lvbench,mdp3_8,"[0, 2, 3, 10, 12, 27, 55, 61]"
lvbench:3939,lvbench,plain_dpp_8,"[0, 1, 2, 3, 10, 12, 27, 61]"
lvbench:3961,lvbench,mdp3_8,"[8, 18, 20, 23, 30, 38, 40, 55]"
lvbench:3961,lvbench,plain_dpp_8,"[8, 18, 30, 34, 38, 40, 53, 55]"
lvbench:3976,lvbench,mdp3_8,"[0, 18, 20, 27, 35, 37, 38, 63]"
lvbench:3976,lvbench,plain_dpp_8,"[0, 18, 20, 21, 27, 31, 38, 63]"
lvbench:3978,lvbench,mdp3_8,"[20, 22, 26, 37, 38, 51, 58, 62]"
lvbench:3978,lvbench,plain_dpp_8,"[0, 20, 21, 26, 38, 58, 62, 63]"
lvbench:398,lvbench,mdp3_8,"[14, 20, 24, 30, 39, 48, 56, 59]"
lvbench:398,lvbench,plain_dpp_8,"[14, 20, 30, 39, 44, 48, 49, 57]"
lvbench:3988,lvbench,mdp3_8,"[7, 9, 19, 20, 21, 51, 53, 59]"
lvbench:3988,lvbench,plain_dpp_8,"[9, 20, 21, 23, 28, 51, 59, 63]"
lvbench:399,lvbench,mdp3_8,"[14, 24, 30, 31, 39, 48, 56, 59]"
lvbench:399,lvbench,plain_dpp_8,"[10, 11, 14, 24, 30, 31, 39, 56]"
lvbench:3997,lvbench,mdp3_8,"[20, 21, 26, 27, 37, 38, 58, 63]"
lvbench:3997,lvbench,plain_dpp_8,"[20, 21, 27, 38, 51, 58, 62, 63]"
lvbench:4005,lvbench,mdp3_8,"[4, 6, 23, 24, 40, 54, 62, 63]"
lvbench:4005,lvbench,plain_dpp_8,"[6, 19, 24, 30, 40, 54, 62, 63]"
lvbench:4010,lvbench,mdp3_8,"[6, 23, 24, 30, 32, 45, 62, 63]"
lvbench:4010,lvbench,plain_dpp_8,"[6, 19, 23, 24, 30, 32, 61, 63]"
lvbench:4015,lvbench,mdp3_8,"[0, 6, 12, 24, 30, 54, 62, 63]"
lvbench:4015,lvbench,plain_dpp_8,"[6, 12, 23, 24, 30, 32, 62, 63]"
lvbench:4025,lvbench,mdp3_8,"[4, 6, 10, 24, 30, 40, 62, 63]"
lvbench:4025,lvbench,plain_dpp_8,"[4, 6, 10, 24, 30, 39, 62, 63]"
lvbench:4027,lvbench,mdp3_8,"[6, 12, 19, 24, 30, 54, 62, 63]"
lvbench:4027,lvbench,plain_dpp_8,"[6, 12, 19, 24, 30, 32, 62, 63]"
lvbench:403,lvbench,mdp3_8,"[5, 10, 37, 38, 39, 49, 51, 53]"
lvbench:403,lvbench,plain_dpp_8,"[5, 10, 37, 38, 39, 49, 51, 53]"
lvbench:4054,lvbench,mdp3_8,"[0, 2, 5, 6, 7, 51, 62, 63]"
lvbench:4054,lvbench,plain_dpp_8,"[0, 2, 5, 6, 7, 18, 62, 63]"
lvbench:4055,lvbench,mdp3_8,"[3, 4, 7, 8, 21, 59, 60, 62]"
lvbench:4055,lvbench,plain_dpp_8,"[3, 4, 7, 8, 56, 59, 60, 62]"
lvbench:4058,lvbench,mdp3_8,"[3, 6, 10, 30, 33, 43, 62, 63]"
lvbench:4058,lvbench,plain_dpp_8,"[3, 6, 7, 30, 33, 43, 62, 63]"
lvbench:4086,lvbench,mdp3_8,"[11, 13, 19, 29, 41, 51, 54, 56]"
lvbench:4086,lvbench,plain_dpp_8,"[11, 16, 19, 29, 31, 51, 56, 63]"
lvbench:4090,lvbench,mdp3_8,"[1, 3, 4, 16, 32, 51, 53, 63]"
lvbench:4090,lvbench,plain_dpp_8,"[1, 11, 16, 32, 51, 53, 56, 63]"
lvbench:4098,lvbench,mdp3_8,"[4, 11, 18, 22, 29, 33, 51, 63]"
lvbench:4098,lvbench,plain_dpp_8,"[18, 29, 33, 41, 51, 56, 60, 63]"
lvbench:41,lvbench,mdp3_8,"[3, 12, 26, 29, 36, 37, 60, 62]"
lvbench:41,lvbench,plain_dpp_8,"[3, 12, 26, 29, 36, 37, 60, 62]"
lvbench:4104,lvbench,mdp3_8,"[1, 6, 31, 36, 47, 51, 57, 63]"
lvbench:4104,lvbench,plain_dpp_8,"[18, 31, 36, 47, 51, 57, 58, 63]"
lvbench:4114,lvbench,mdp3_8,"[3, 5, 10, 20, 25, 37, 40, 60]"
lvbench:4114,lvbench,plain_dpp_8,"[3, 5, 8, 20, 25, 37, 40, 47]"
lvbench:4119,lvbench,mdp3_8,"[5, 17, 19, 20, 32, 47, 56, 60]"
lvbench:4119,lvbench,plain_dpp_8,"[5, 17, 19, 33, 47, 48, 56, 60]"
lvbench:412,lvbench,mdp3_8,"[10, 15, 24, 31, 37, 39, 48, 56]"
lvbench:412,lvbench,plain_dpp_8,"[10, 15, 24, 31, 35, 37, 39, 56]"
lvbench:4128,lvbench,mdp3_8,"[7, 19, 20, 26, 43, 47, 48, 57]"
lvbench:4128,lvbench,plain_dpp_8,"[5, 18, 19, 20, 26, 47, 48, 57]"
lvbench:4132,lvbench,mdp3_8,"[19, 23, 24, 25, 55, 56, 59, 60]"
lvbench:4132,lvbench,plain_dpp_8,"[19, 23, 24, 25, 55, 56, 59, 60]"
lvbench:4133,lvbench,mdp3_8,"[2, 11, 20, 35, 48, 56, 61, 62]"
lvbench:4133,lvbench,plain_dpp_8,"[11, 25, 36, 48, 51, 56, 61, 62]"
lvbench:414,lvbench,mdp3_8,"[10, 24, 35, 37, 39, 55, 62, 63]"
lvbench:414,lvbench,plain_dpp_8,"[10, 24, 35, 37, 39, 55, 62, 63]"
lvbench:4146,lvbench,mdp3_8,"[4, 5, 13, 14, 16, 32, 48, 57]"
lvbench:4146,lvbench,plain_dpp_8,"[4, 17, 32, 37, 42, 45, 48, 57]"
lvbench:4151,lvbench,mdp3_8,"[2, 3, 19, 23, 26, 32, 36, 46]"
lvbench:4151,lvbench,plain_dpp_8,"[2, 3, 11, 26, 32, 37, 45, 46]"
lvbench:4152,lvbench,mdp3_8,"[2, 11, 12, 19, 26, 32, 36, 49]"
lvbench:4152,lvbench,plain_dpp_8,"[2, 11, 12, 26, 31, 32, 36, 49]"
lvbench:416,lvbench,mdp3_8,"[7, 14, 27, 29, 32, 35, 39, 61]"
lvbench:416,lvbench,plain_dpp_8,"[7, 29, 32, 35, 39, 45, 61, 62]"
lvbench:4160,lvbench,mdp3_8,"[0, 2, 17, 19, 26, 32, 45, 63]"
lvbench:4160,lvbench,plain_dpp_8,"[0, 2, 5, 17, 19, 26, 30, 45]"
lvbench:4169,lvbench,mdp3_8,"[0, 6, 21, 26, 49, 50, 55, 60]"
lvbench:4169,lvbench,plain_dpp_8,"[0, 6, 21, 26, 33, 49, 51, 60]"
lvbench:417,lvbench,mdp3_8,"[21, 24, 29, 30, 36, 39, 40, 48]"
lvbench:417,lvbench,plain_dpp_8,"[21, 29, 30, 36, 39, 40, 48, 62]"
lvbench:4182,lvbench,mdp3_8,"[12, 16, 21, 26, 30, 33, 49, 63]"
lvbench:4182,lvbench,plain_dpp_8,"[12, 14, 15, 16, 22, 32, 33, 46]"
lvbench:4188,lvbench,mdp3_8,"[3, 6, 12, 16, 33, 42, 55, 61]"
lvbench:4188,lvbench,plain_dpp_8,"[3, 6, 16, 42, 52, 54, 55, 61]"
lvbench:4197,lvbench,mdp3_8,"[5, 6, 7, 13, 23, 32, 49, 58]"
lvbench:4197,lvbench,plain_dpp_8,"[5, 6, 13, 23, 26, 37, 55, 58]"
lvbench:4198,lvbench,mdp3_8,"[5, 9, 20, 26, 30, 34, 49, 58]"
lvbench:4198,lvbench,plain_dpp_8,"[5, 20, 26, 30, 34, 58, 59, 61]"
lvbench:4201,lvbench,mdp3_8,"[5, 7, 19, 26, 46, 50, 58, 63]"
lvbench:4201,lvbench,plain_dpp_8,"[3, 5, 10, 19, 26, 41, 46, 63]"
lvbench:4207,lvbench,mdp3_8,"[5, 9, 11, 13, 34, 46, 49, 55]"
lvbench:4207,lvbench,plain_dpp_8,"[9, 11, 13, 14, 26, 46, 49, 55]"
lvbench:4212,lvbench,mdp3_8,"[9, 20, 23, 26, 34, 35, 42, 53]"
lvbench:4212,lvbench,plain_dpp_8,"[5, 16, 20, 26, 34, 42, 52, 53]"
lvbench:4215,lvbench,mdp3_8,"[5, 9, 20, 24, 26, 34, 46, 49]"
lvbench:4215,lvbench,plain_dpp_8,"[9, 20, 24, 26, 46, 49, 55, 62]"
lvbench:4222,lvbench,mdp3_8,"[0, 1, 17, 29, 48, 59, 62, 63]"
lvbench:4222,lvbench,plain_dpp_8,"[0, 17, 29, 36, 48, 58, 59, 62]"
lvbench:4223,lvbench,mdp3_8,"[1, 2, 4, 32, 36, 50, 59, 62]"
lvbench:4223,lvbench,plain_dpp_8,"[1, 2, 4, 17, 36, 49, 50, 59]"
lvbench:4226,lvbench,mdp3_8,"[1, 23, 28, 29, 43, 48, 58, 62]"
lvbench:4226,lvbench,plain_dpp_8,"[28, 29, 36, 43, 49, 57, 58, 62]"
lvbench:4243,lvbench,mdp3_8,"[0, 1, 3, 18, 42, 59, 61, 63]"
lvbench:4243,lvbench,plain_dpp_8,"[0, 1, 3, 18, 42, 54, 59, 61]"
lvbench:4305,lvbench,mdp3_8,"[3, 6, 14, 37, 52, 59, 62, 63]"
lvbench:4305,lvbench,plain_dpp_8,"[3, 6, 7, 13, 14, 19, 60, 62]"
lvbench:4307,lvbench,mdp3_8,"[3, 7, 8, 12, 13, 15, 62, 63]"
lvbench:4307,lvbench,plain_dpp_8,"[3, 7, 8, 12, 13, 15, 51, 62]"
lvbench:4319,lvbench,mdp3_8,"[0, 3, 13, 14, 19, 40, 59, 62]"
lvbench:4319,lvbench,plain_dpp_8,"[3, 6, 13, 14, 19, 49, 59, 62]"
lvbench:4320,lvbench,mdp3_8,"[1, 3, 13, 34, 39, 58, 59, 62]"
lvbench:4320,lvbench,plain_dpp_8,"[3, 7, 13, 15, 39, 52, 58, 62]"
lvbench:4324,lvbench,mdp3_8,"[3, 7, 10, 13, 15, 34, 59, 62]"
lvbench:4324,lvbench,plain_dpp_8,"[3, 7, 13, 14, 30, 34, 59, 62]"
lvbench:4325,lvbench,mdp3_8,"[3, 7, 13, 14, 19, 23, 42, 62]"
lvbench:4325,lvbench,plain_dpp_8,"[3, 7, 13, 14, 23, 42, 58, 62]"
lvbench:4330,lvbench,mdp3_8,"[0, 11, 12, 16, 19, 23, 59, 63]"
lvbench:4330,lvbench,plain_dpp_8,"[0, 6, 11, 12, 16, 19, 23, 59]"
lvbench:4331,lvbench,mdp3_8,"[1, 4, 16, 21, 22, 47, 59, 62]"
lvbench:4331,lvbench,plain_dpp_8,"[1, 4, 11, 12, 16, 22, 47, 59]"
lvbench:4339,lvbench,mdp3_8,"[1, 3, 4, 24, 45, 47, 58, 59]"
lvbench:4339,lvbench,plain_dpp_8,"[1, 4, 13, 24, 45, 47, 58, 59]"
lvbench:4343,lvbench,mdp3_8,"[9, 11, 12, 19, 22, 51, 58, 59]"
lvbench:4343,lvbench,plain_dpp_8,"[1, 11, 12, 19, 22, 51, 54, 59]"
lvbench:4345,lvbench,mdp3_8,"[3, 4, 12, 13, 24, 51, 54, 59]"
lvbench:4345,lvbench,plain_dpp_8,"[1, 3, 4, 12, 13, 24, 57, 59]"
lvbench:4350,lvbench,mdp3_8,"[0, 1, 4, 16, 23, 45, 57, 63]"
lvbench:4350,lvbench,plain_dpp_8,"[0, 1, 4, 11, 16, 23, 57, 59]"
lvbench:4454,lvbench,mdp3_8,"[9, 12, 13, 24, 31, 43, 49, 62]"
lvbench:4454,lvbench,plain_dpp_8,"[0, 12, 13, 24, 31, 42, 49, 62]"
lvbench:4461,lvbench,mdp3_8,"[8, 13, 16, 24, 31, 33, 46, 52]"
lvbench:4461,lvbench,plain_dpp_8,"[8, 13, 16, 24, 31, 46, 48, 52]"
lvbench:4471,lvbench,mdp3_8,"[3, 4, 13, 21, 31, 42, 57, 59]"
lvbench:4471,lvbench,plain_dpp_8,"[3, 4, 13, 21, 31, 37, 42, 57]"
lvbench:4472,lvbench,mdp3_8,"[4, 13, 18, 30, 31, 38, 42, 46]"
lvbench:4472,lvbench,plain_dpp_8,"[4, 13, 18, 24, 28, 30, 31, 42]"
lvbench:4490,lvbench,mdp3_8,"[1, 3, 24, 31, 36, 44, 49, 50]"
lvbench:4490,lvbench,plain_dpp_8,"[3, 24, 31, 36, 39, 44, 49, 50]"
lvbench:4491,lvbench,mdp3_8,"[1, 3, 13, 14, 16, 44, 49, 56]"
lvbench:4491,lvbench,plain_dpp_8,"[3, 7, 13, 16, 36, 44, 49, 56]"
lvbench:4495,lvbench,mdp3_8,"[3, 8, 21, 24, 26, 36, 39, 61]"
lvbench:4495,lvbench,plain_dpp_8,"[3, 8, 24, 26, 36, 39, 52, 61]"
lvbench:4496,lvbench,mdp3_8,"[1, 3, 6, 24, 25, 44, 49, 56]"
lvbench:4496,lvbench,plain_dpp_8,"[3, 6, 24, 25, 26, 44, 49, 56]"
lvbench:4498,lvbench,mdp3_8,"[8, 24, 25, 26, 39, 50, 52, 56]"
lvbench:4498,lvbench,plain_dpp_8,"[8, 25, 26, 36, 50, 52, 53, 56]"
lvbench:4500,lvbench,mdp3_8,"[8, 20, 25, 27, 32, 39, 52, 53]"
lvbench:4500,lvbench,plain_dpp_8,"[3, 8, 20, 25, 32, 50, 52, 53]"
lvbench:4599,lvbench,mdp3_8,"[11, 15, 17, 18, 19, 33, 48, 57]"
lvbench:4599,lvbench,plain_dpp_8,"[15, 17, 18, 19, 30, 33, 48, 57]"
lvbench:46,lvbench,mdp3_8,"[2, 7, 15, 26, 28, 36, 58, 62]"
lvbench:46,lvbench,plain_dpp_8,"[7, 15, 22, 26, 28, 50, 51, 62]"
lvbench:4607,lvbench,mdp3_8,"[4, 8, 16, 19, 51, 53, 57, 58]"
lvbench:4607,lvbench,plain_dpp_8,"[8, 16, 19, 45, 53, 54, 57, 58]"
lvbench:4683,lvbench,mdp3_8,"[4, 15, 25, 29, 35, 49, 52, 58]"
lvbench:4683,lvbench,plain_dpp_8,"[0, 29, 35, 47, 49, 52, 58, 61]"
lvbench:4691,lvbench,mdp3_8,"[1, 11, 19, 24, 41, 50, 52, 58]"
lvbench:4691,lvbench,plain_dpp_8,"[1, 11, 19, 24, 30, 50, 52, 58]"
lvbench:4694,lvbench,mdp3_8,"[3, 4, 26, 29, 39, 44, 46, 56]"
lvbench:4694,lvbench,plain_dpp_8,"[4, 29, 37, 39, 44, 46, 49, 56]"
lvbench:47,lvbench,mdp3_8,"[5, 7, 24, 30, 31, 36, 37, 51]"
lvbench:47,lvbench,plain_dpp_8,"[5, 7, 24, 31, 36, 37, 51, 62]"
lvbench:4703,lvbench,mdp3_8,"[0, 3, 4, 14, 35, 39, 40, 46]"
lvbench:4703,lvbench,plain_dpp_8,"[0, 3, 4, 14, 35, 39, 40, 46]"
lvbench:4704,lvbench,mdp3_8,"[1, 2, 24, 29, 36, 41, 50, 56]"
lvbench:4704,lvbench,plain_dpp_8,"[1, 24, 29, 35, 36, 41, 50, 56]"
lvbench:4706,lvbench,mdp3_8,"[1, 10, 24, 30, 37, 41, 52, 53]"
lvbench:4706,lvbench,plain_dpp_8,"[1, 10, 25, 30, 37, 41, 52, 53]"
lvbench:4717,lvbench,mdp3_8,"[0, 13, 30, 38, 39, 42, 48, 50]"
lvbench:4717,lvbench,plain_dpp_8,"[0, 13, 30, 39, 42, 48, 50, 54]"
lvbench:4724,lvbench,mdp3_8,"[9, 27, 30, 35, 45, 48, 49, 53]"
lvbench:4724,lvbench,plain_dpp_8,"[0, 30, 35, 41, 45, 48, 49, 53]"
lvbench:4725,lvbench,mdp3_8,"[9, 24, 30, 36, 39, 42, 43, 48]"
lvbench:4725,lvbench,plain_dpp_8,"[0, 9, 36, 39, 42, 43, 48, 50]"
lvbench:4730,lvbench,mdp3_8,"[3, 9, 39, 42, 48, 50, 54, 62]"
lvbench:4730,lvbench,plain_dpp_8,"[3, 9, 39, 42, 48, 50, 54, 62]"
lvbench:4747,lvbench,mdp3_8,"[9, 21, 24, 27, 33, 41, 56, 63]"
lvbench:4747,lvbench,plain_dpp_8,"[21, 24, 33, 37, 41, 42, 43, 63]"
lvbench:4748,lvbench,mdp3_8,"[19, 22, 24, 27, 33, 52, 62, 63]"
lvbench:4748,lvbench,plain_dpp_8,"[19, 22, 24, 27, 33, 52, 62, 63]"
lvbench:4765,lvbench,mdp3_8,"[24, 27, 30, 37, 39, 41, 56, 63]"
lvbench:4765,lvbench,plain_dpp_8,"[24, 30, 37, 39, 41, 42, 56, 63]"
lvbench:4783,lvbench,mdp3_8,"[9, 22, 23, 25, 26, 30, 37, 51]"
lvbench:4783,lvbench,plain_dpp_8,"[7, 9, 22, 23, 25, 26, 30, 37]"
lvbench:4789,lvbench,mdp3_8,"[2, 17, 25, 26, 29, 30, 40, 59]"
lvbench:4789,lvbench,plain_dpp_8,"[2, 17, 25, 26, 29, 33, 40, 59]"
lvbench:4792,lvbench,mdp3_8,"[5, 9, 22, 28, 30, 32, 44, 62]"
lvbench:4792,lvbench,plain_dpp_8,"[5, 9, 22, 28, 30, 39, 44, 50]"
lvbench:4794,lvbench,mdp3_8,"[7, 10, 15, 31, 42, 55, 61, 62]"
lvbench:4794,lvbench,plain_dpp_8,"[7, 9, 10, 15, 24, 31, 61, 62]"
lvbench:4831,lvbench,mdp3_8,"[1, 13, 25, 26, 36, 38, 42, 63]"
lvbench:4831,lvbench,plain_dpp_8,"[1, 9, 13, 25, 26, 31, 36, 63]"
lvbench:4838,lvbench,mdp3_8,"[1, 3, 5, 9, 42, 44, 47, 63]"
lvbench:4838,lvbench,plain_dpp_8,"[1, 3, 5, 9, 42, 44, 47, 63]"
lvbench:484,lvbench,mdp3_8,"[0, 2, 3, 18, 41, 52, 60, 62]"
lvbench:484,lvbench,plain_dpp_8,"[0, 2, 3, 8, 18, 41, 60, 62]"
lvbench:4845,lvbench,mdp3_8,"[0, 1, 5, 19, 36, 48, 55, 56]"
lvbench:4845,lvbench,plain_dpp_8,"[1, 5, 19, 36, 48, 52, 55, 56]"
lvbench:4847,lvbench,mdp3_8,"[1, 3, 4, 9, 42, 47, 48, 52]"
lvbench:4847,lvbench,plain_dpp_8,"[1, 3, 4, 9, 42, 47, 48, 52]"
lvbench:4849,lvbench,mdp3_8,"[0, 1, 9, 26, 38, 47, 52, 55]"
lvbench:4849,lvbench,plain_dpp_8,"[0, 1, 9, 26, 36, 38, 47, 52]"
lvbench:4852,lvbench,mdp3_8,"[1, 9, 10, 13, 38, 41, 56, 58]"
lvbench:4852,lvbench,plain_dpp_8,"[1, 9, 13, 38, 41, 44, 56, 58]"
lvbench:487,lvbench,mdp3_8,"[11, 18, 24, 25, 26, 49, 52, 55]"
lvbench:487,lvbench,plain_dpp_8,"[11, 18, 24, 25, 26, 27, 33, 52]"
lvbench:491,lvbench,mdp3_8,"[8, 9, 18, 25, 26, 42, 49, 60]"
lvbench:491,lvbench,plain_dpp_8,"[0, 8, 9, 18, 25, 26, 41, 49]"
lvbench:4957,lvbench,mdp3_8,"[2, 4, 5, 29, 31, 35, 47, 57]"
lvbench:4957,lvbench,plain_dpp_8,"[2, 4, 19, 29, 31, 46, 47, 57]"
lvbench:4961,lvbench,mdp3_8,"[2, 16, 27, 31, 35, 43, 55, 59]"
lvbench:4961,lvbench,plain_dpp_8,"[2, 27, 29, 31, 35, 43, 55, 59]"
lvbench:4966,lvbench,mdp3_8,"[12, 27, 41, 47, 48, 59, 61, 62]"
lvbench:4966,lvbench,plain_dpp_8,"[12, 19, 27, 41, 47, 48, 59, 61]"
lvbench:4969,lvbench,mdp3_8,"[5, 10, 15, 35, 53, 54, 57, 59]"
lvbench:4969,lvbench,plain_dpp_8,"[5, 10, 15, 36, 53, 54, 57, 59]"
lvbench:4972,lvbench,mdp3_8,"[12, 15, 28, 29, 31, 46, 47, 59]"
lvbench:4972,lvbench,plain_dpp_8,"[12, 15, 28, 29, 31, 46, 47, 59]"
lvbench:4976,lvbench,mdp3_8,"[10, 19, 29, 31, 34, 49, 51, 54]"
lvbench:4976,lvbench,plain_dpp_8,"[19, 29, 31, 34, 49, 51, 54, 59]"
lvbench:4977,lvbench,mdp3_8,"[15, 27, 28, 30, 31, 35, 42, 47]"
lvbench:4977,lvbench,plain_dpp_8,"[15, 27, 28, 30, 31, 42, 47, 59]"
lvbench:4982,lvbench,mdp3_8,"[0, 3, 8, 16, 25, 41, 58, 62]"
lvbench:4982,lvbench,plain_dpp_8,"[0, 3, 8, 17, 41, 50, 58, 62]"
lvbench:499,lvbench,mdp3_8,"[0, 3, 12, 13, 24, 37, 40, 53]"
lvbench:499,lvbench,plain_dpp_8,"[0, 3, 7, 12, 19, 24, 37, 40]"
lvbench:5003,lvbench,mdp3_8,"[2, 13, 14, 27, 41, 43, 61, 62]"
lvbench:5003,lvbench,plain_dpp_8,"[2, 5, 13, 27, 41, 43, 61, 62]"
lvbench:503,lvbench,mdp3_8,"[3, 7, 15, 24, 44, 56, 59, 61]"
lvbench:503,lvbench,plain_dpp_8,"[3, 7, 15, 23, 24, 44, 59, 61]"
lvbench:5048,lvbench,mdp3_8,"[10, 14, 27, 42, 44, 48, 62, 63]"
lvbench:5048,lvbench,plain_dpp_8,"[10, 14, 27, 42, 44, 48, 62, 63]"
lvbench:5049,lvbench,mdp3_8,"[0, 1, 8, 25, 27, 44, 49, 55]"
lvbench:5049,lvbench,plain_dpp_8,"[0, 1, 25, 27, 37, 44, 49, 55]"
lvbench:5054,lvbench,mdp3_8,"[8, 26, 27, 34, 55, 56, 62, 63]"
lvbench:5054,lvbench,plain_dpp_8,"[8, 26, 27, 42, 56, 59, 62, 63]"
lvbench:5061,lvbench,mdp3_8,"[0, 1, 16, 21, 26, 42, 44, 48]"
lvbench:5061,lvbench,plain_dpp_8,"[0, 16, 21, 26, 30, 42, 44, 48]"
lvbench:5064,lvbench,mdp3_8,"[0, 1, 3, 6, 11, 13, 32, 63]"
lvbench:5064,lvbench,plain_dpp_8,"[1, 3, 6, 11, 13, 19, 32, 63]"
lvbench:5069,lvbench,mdp3_8,"[5, 6, 13, 17, 19, 35, 40, 49]"
lvbench:5069,lvbench,plain_dpp_8,"[5, 6, 13, 17, 19, 35, 40, 55]"
lvbench:5070,lvbench,mdp3_8,"[3, 13, 17, 19, 41, 49, 53, 61]"
lvbench:5070,lvbench,plain_dpp_8,"[3, 13, 19, 39, 41, 49, 53, 61]"
lvbench:5075,lvbench,mdp3_8,"[3, 11, 13, 22, 23, 42, 49, 60]"
lvbench:5075,lvbench,plain_dpp_8,"[3, 11, 13, 22, 23, 42, 49, 60]"
lvbench:5078,lvbench,mdp3_8,"[2, 11, 14, 19, 20, 39, 45, 49]"
lvbench:5078,lvbench,plain_dpp_8,"[2, 5, 11, 14, 19, 20, 39, 49]"
lvbench:5086,lvbench,mdp3_8,"[2, 6, 11, 14, 17, 45, 46, 49]"
lvbench:5086,lvbench,plain_dpp_8,"[2, 6, 11, 14, 17, 45, 46, 49]"
lvbench:5088,lvbench,mdp3_8,"[13, 14, 19, 20, 31, 38, 45, 55]"
lvbench:5088,lvbench,plain_dpp_8,"[13, 14, 19, 20, 36, 38, 47, 55]"
lvbench:510,lvbench,mdp3_8,"[0, 8, 9, 13, 27, 37, 56, 63]"
lvbench:510,lvbench,plain_dpp_8,"[0, 8, 9, 10, 27, 37, 49, 56]"
lvbench:5102,lvbench,mdp3_8,"[0, 2, 20, 26, 28, 35, 43, 59]"
lvbench:5102,lvbench,plain_dpp_8,"[0, 2, 20, 26, 28, 35, 39, 43]"
lvbench:5113,lvbench,mdp3_8,"[0, 9, 13, 23, 48, 53, 55, 57]"
lvbench:5113,lvbench,plain_dpp_8,"[0, 4, 9, 14, 23, 44, 53, 57]"
lvbench:5114,lvbench,mdp3_8,"[0, 9, 28, 30, 36, 39, 40, 60]"
lvbench:5114,lvbench,plain_dpp_8,"[0, 9, 28, 30, 36, 39, 40, 49]"
lvbench:5118,lvbench,mdp3_8,"[0, 26, 27, 28, 34, 37, 39, 57]"
lvbench:5118,lvbench,plain_dpp_8,"[26, 27, 28, 34, 37, 39, 57, 59]"
lvbench:5124,lvbench,mdp3_8,"[0, 13, 22, 26, 36, 40, 59, 62]"
lvbench:5124,lvbench,plain_dpp_8,"[0, 13, 26, 36, 39, 40, 59, 62]"
lvbench:5127,lvbench,mdp3_8,"[2, 3, 5, 11, 16, 22, 32, 37]"
lvbench:5127,lvbench,plain_dpp_8,"[2, 3, 5, 11, 16, 22, 32, 37]"
lvbench:5129,lvbench,mdp3_8,"[0, 1, 16, 28, 35, 48, 57, 63]"
lvbench:5129,lvbench,plain_dpp_8,"[0, 1, 16, 28, 35, 47, 48, 57]"
lvbench:5132,lvbench,mdp3_8,"[0, 1, 5, 22, 40, 48, 53, 63]"
lvbench:5132,lvbench,plain_dpp_8,"[0, 1, 5, 22, 28, 40, 48, 53]"
lvbench:5142,lvbench,mdp3_8,"[3, 5, 11, 20, 24, 37, 48, 54]"
lvbench:5142,lvbench,plain_dpp_8,"[3, 5, 11, 20, 24, 37, 47, 48]"
lvbench:5145,lvbench,mdp3_8,"[3, 20, 24, 30, 35, 48, 51, 53]"
lvbench:5145,lvbench,plain_dpp_8,"[20, 24, 30, 34, 48, 51, 53, 60]"
lvbench:5148,lvbench,mdp3_8,"[1, 11, 15, 20, 24, 32, 40, 48]"
lvbench:5148,lvbench,plain_dpp_8,"[1, 11, 15, 20, 24, 32, 40, 48]"
lvbench:5150,lvbench,mdp3_8,"[1, 2, 4, 24, 26, 45, 48, 54]"
lvbench:5150,lvbench,plain_dpp_8,"[1, 2, 4, 24, 26, 45, 48, 60]"
lvbench:516,lvbench,mdp3_8,"[3, 15, 21, 22, 23, 41, 43, 44]"
lvbench:516,lvbench,plain_dpp_8,"[3, 15, 17, 21, 22, 23, 41, 43]"
lvbench:5161,lvbench,mdp3_8,"[1, 3, 4, 32, 36, 45, 56, 62]"
lvbench:5161,lvbench,plain_dpp_8,"[1, 3, 4, 27, 32, 36, 56, 62]"
lvbench:5162,lvbench,mdp3_8,"[7, 8, 11, 15, 22, 33, 36, 43]"
lvbench:5162,lvbench,plain_dpp_8,"[7, 8, 11, 12, 15, 22, 30, 33]"
lvbench:5168,lvbench,mdp3_8,"[5, 8, 9, 15, 26, 33, 37, 60]"
lvbench:5168,lvbench,plain_dpp_8,"[5, 8, 9, 15, 26, 33, 42, 60]"
lvbench:5171,lvbench,mdp3_8,"[2, 9, 19, 23, 37, 38, 52, 54]"
lvbench:5171,lvbench,plain_dpp_8,"[2, 9, 19, 23, 37, 38, 52, 54]"
lvbench:5173,lvbench,mdp3_8,"[7, 8, 11, 12, 22, 32, 42, 61]"
lvbench:5173,lvbench,plain_dpp_8,"[7, 8, 9, 11, 12, 22, 30, 61]"
lvbench:5180,lvbench,mdp3_8,"[1, 3, 4, 32, 35, 42, 45, 62]"
lvbench:5180,lvbench,plain_dpp_8,"[1, 3, 4, 25, 32, 35, 42, 45]"
lvbench:5253,lvbench,mdp3_8,"[0, 1, 11, 21, 30, 32, 51, 60]"
lvbench:5253,lvbench,plain_dpp_8,"[0, 1, 11, 20, 21, 30, 32, 51]"
lvbench:5256,lvbench,mdp3_8,"[1, 4, 11, 24, 32, 38, 43, 52]"
lvbench:5256,lvbench,plain_dpp_8,"[1, 4, 11, 24, 32, 44, 52, 56]"
lvbench:5257,lvbench,mdp3_8,"[1, 7, 8, 24, 41, 42, 50, 53]"
lvbench:5257,lvbench,plain_dpp_8,"[1, 24, 32, 41, 42, 44, 52, 53]"
lvbench:5260,lvbench,mdp3_8,"[8, 10, 12, 13, 35, 37, 42, 43]"
lvbench:5260,lvbench,plain_dpp_8,"[8, 10, 12, 37, 43, 44, 50, 55]"
lvbench:5274,lvbench,mdp3_8,"[0, 1, 11, 21, 30, 32, 51, 60]"
lvbench:5274,lvbench,plain_dpp_8,"[0, 1, 11, 20, 21, 30, 32, 60]"
lvbench:531,lvbench,mdp3_8,"[3, 4, 9, 19, 47, 49, 61, 62]"
lvbench:531,lvbench,plain_dpp_8,"[3, 4, 19, 33, 39, 47, 61, 62]"
lvbench:532,lvbench,mdp3_8,"[3, 4, 5, 15, 20, 29, 43, 48]"
lvbench:532,lvbench,plain_dpp_8,"[3, 4, 5, 15, 19, 20, 22, 29]"
lvbench:54,lvbench,mdp3_8,"[13, 24, 27, 31, 35, 45, 53, 62]"
lvbench:54,lvbench,plain_dpp_8,"[13, 20, 23, 31, 35, 45, 53, 62]"
lvbench:542,lvbench,mdp3_8,"[12, 13, 21, 25, 34, 40, 61, 62]"
lvbench:542,lvbench,plain_dpp_8,"[12, 13, 25, 34, 40, 51, 61, 62]"
lvbench:553,lvbench,mdp3_8,"[1, 9, 15, 25, 39, 40, 45, 62]"
lvbench:553,lvbench,plain_dpp_8,"[9, 21, 25, 39, 40, 45, 62, 63]"
lvbench:561,lvbench,mdp3_8,"[12, 13, 18, 32, 40, 47, 48, 50]"
lvbench:561,lvbench,plain_dpp_8,"[12, 13, 18, 32, 40, 47, 48, 50]"
lvbench:594,lvbench,mdp3_8,"[0, 1, 11, 31, 32, 37, 53, 63]"
lvbench:594,lvbench,plain_dpp_8,"[1, 13, 31, 32, 37, 39, 53, 63]"
lvbench:601,lvbench,mdp3_8,"[1, 2, 14, 16, 27, 36, 47, 48]"
lvbench:601,lvbench,plain_dpp_8,"[1, 2, 14, 16, 27, 36, 47, 48]"
lvbench:602,lvbench,mdp3_8,"[1, 6, 9, 23, 31, 42, 47, 49]"
lvbench:602,lvbench,plain_dpp_8,"[1, 6, 9, 19, 23, 31, 47, 49]"
lvbench:603,lvbench,mdp3_8,"[1, 6, 12, 19, 29, 34, 37, 52]"
lvbench:603,lvbench,plain_dpp_8,"[1, 6, 12, 29, 33, 34, 52, 59]"
lvbench:614,lvbench,mdp3_8,"[1, 12, 20, 29, 32, 37, 53, 59]"
lvbench:614,lvbench,plain_dpp_8,"[1, 12, 20, 29, 32, 37, 53, 59]"
lvbench:617,lvbench,mdp3_8,"[1, 10, 19, 23, 29, 39, 46, 48]"
lvbench:617,lvbench,plain_dpp_8,"[1, 10, 19, 29, 38, 39, 46, 48]"
lvbench:62,lvbench,mdp3_8,"[3, 5, 18, 19, 36, 43, 48, 62]"
lvbench:62,lvbench,plain_dpp_8,"[3, 5, 18, 19, 36, 43, 60, 62]"
lvbench:627,lvbench,mdp3_8,"[3, 7, 9, 19, 30, 37, 47, 48]"
lvbench:627,lvbench,plain_dpp_8,"[3, 5, 7, 9, 19, 30, 47, 48]"
lvbench:628,lvbench,mdp3_8,"[11, 17, 33, 37, 43, 53, 56, 58]"
lvbench:628,lvbench,plain_dpp_8,"[2, 11, 17, 22, 37, 43, 56, 58]"
lvbench:63,lvbench,mdp3_8,"[2, 3, 19, 26, 28, 36, 45, 62]"
lvbench:63,lvbench,plain_dpp_8,"[2, 3, 19, 25, 26, 43, 45, 62]"
lvbench:633,lvbench,mdp3_8,"[4, 13, 21, 23, 30, 37, 51, 62]"
lvbench:633,lvbench,plain_dpp_8,"[4, 13, 21, 23, 24, 37, 51, 62]"
lvbench:637,lvbench,mdp3_8,"[2, 3, 7, 18, 37, 50, 56, 63]"
lvbench:637,lvbench,plain_dpp_8,"[2, 7, 18, 37, 42, 50, 56, 63]"
lvbench:638,lvbench,mdp3_8,"[0, 3, 9, 12, 14, 52, 58, 63]"
lvbench:638,lvbench,plain_dpp_8,"[0, 3, 9, 12, 14, 52, 58, 63]"
lvbench:651,lvbench,mdp3_8,"[15, 19, 25, 28, 34, 46, 54, 62]"
lvbench:651,lvbench,plain_dpp_8,"[28, 34, 46, 47, 50, 54, 56, 62]"
lvbench:657,lvbench,mdp3_8,"[5, 14, 20, 25, 44, 53, 55, 59]"
lvbench:657,lvbench,plain_dpp_8,"[1, 5, 20, 25, 44, 53, 55, 59]"
lvbench:658,lvbench,mdp3_8,"[5, 14, 25, 27, 32, 33, 36, 45]"
lvbench:658,lvbench,plain_dpp_8,"[5, 9, 14, 25, 27, 32, 36, 61]"
lvbench:668,lvbench,mdp3_8,"[0, 19, 21, 25, 51, 53, 56, 59]"
lvbench:668,lvbench,plain_dpp_8,"[0, 21, 25, 51, 53, 56, 59, 61]"
lvbench:68,lvbench,mdp3_8,"[4, 14, 29, 30, 43, 46, 48, 62]"
lvbench:68,lvbench,plain_dpp_8,"[4, 14, 29, 30, 46, 48, 51, 62]"
lvbench:728,lvbench,mdp3_8,"[1, 10, 22, 25, 26, 34, 40, 60]"
lvbench:728,lvbench,plain_dpp_8,"[1, 8, 10, 20, 21, 26, 37, 40]"
lvbench:735,lvbench,mdp3_8,"[10, 12, 25, 37, 38, 43, 50, 58]"
lvbench:735,lvbench,plain_dpp_8,"[5, 10, 25, 35, 38, 42, 43, 50]"
lvbench:736,lvbench,mdp3_8,"[8, 10, 24, 25, 27, 40, 57, 60]"
lvbench:736,lvbench,plain_dpp_8,"[2, 8, 10, 24, 25, 27, 40, 42]"
lvbench:738,lvbench,mdp3_8,"[1, 4, 15, 16, 33, 40, 42, 45]"
lvbench:738,lvbench,plain_dpp_8,"[2, 4, 10, 15, 16, 21, 33, 42]"
lvbench:749,lvbench,mdp3_8,"[1, 4, 10, 11, 34, 35, 50, 58]"
lvbench:749,lvbench,plain_dpp_8,"[1, 4, 8, 10, 11, 35, 50, 58]"
lvbench:752,lvbench,mdp3_8,"[7, 11, 21, 35, 39, 45, 47, 61]"
lvbench:752,lvbench,plain_dpp_8,"[1, 6, 7, 21, 35, 39, 47, 61]"
lvbench:753,lvbench,mdp3_8,"[4, 21, 24, 42, 46, 54, 55, 58]"
lvbench:753,lvbench,plain_dpp_8,"[1, 21, 24, 42, 46, 54, 55, 58]"
lvbench:767,lvbench,mdp3_8,"[10, 12, 22, 35, 44, 52, 57, 62]"
lvbench:767,lvbench,plain_dpp_8,"[10, 12, 22, 35, 38, 44, 57, 62]"
lvbench:771,lvbench,mdp3_8,"[7, 11, 18, 26, 28, 36, 39, 62]"
lvbench:771,lvbench,plain_dpp_8,"[7, 11, 12, 18, 26, 28, 49, 62]"
lvbench:773,lvbench,mdp3_8,"[14, 16, 23, 25, 44, 46, 51, 62]"
lvbench:773,lvbench,plain_dpp_8,"[16, 23, 25, 26, 46, 51, 54, 62]"
lvbench:78,lvbench,mdp3_8,"[7, 18, 30, 36, 48, 51, 61, 62]"
lvbench:78,lvbench,plain_dpp_8,"[7, 11, 36, 40, 48, 51, 61, 62]"
lvbench:783,lvbench,mdp3_8,"[8, 14, 29, 32, 38, 50, 51, 62]"
lvbench:783,lvbench,plain_dpp_8,"[29, 32, 38, 50, 51, 55, 61, 62]"
lvbench:8,lvbench,mdp3_8,"[0, 3, 7, 13, 16, 42, 54, 58]"
lvbench:8,lvbench,plain_dpp_8,"[0, 8, 10, 13, 16, 42, 54, 58]"
lvbench:800,lvbench,mdp3_8,"[9, 19, 20, 27, 34, 40, 44, 53]"
lvbench:800,lvbench,plain_dpp_8,"[4, 9, 27, 36, 40, 44, 55, 56]"
lvbench:803,lvbench,mdp3_8,"[8, 9, 19, 27, 40, 44, 45, 53]"
lvbench:803,lvbench,plain_dpp_8,"[9, 27, 35, 40, 44, 45, 53, 60]"
lvbench:806,lvbench,mdp3_8,"[3, 5, 23, 25, 33, 39, 53, 61]"
lvbench:806,lvbench,plain_dpp_8,"[3, 5, 11, 18, 25, 33, 39, 53]"
lvbench:808,lvbench,mdp3_8,"[4, 9, 20, 27, 40, 44, 45, 56]"
lvbench:808,lvbench,plain_dpp_8,"[4, 9, 20, 27, 34, 44, 45, 53]"
lvbench:82,lvbench,mdp3_8,"[2, 3, 4, 17, 29, 42, 45, 62]"
lvbench:82,lvbench,plain_dpp_8,"[2, 3, 4, 29, 42, 45, 61, 62]"
lvbench:848,lvbench,mdp3_8,"[3, 5, 9, 25, 26, 35, 45, 61]"
lvbench:848,lvbench,plain_dpp_8,"[3, 5, 12, 26, 35, 45, 51, 61]"
lvbench:851,lvbench,mdp3_8,"[9, 19, 26, 50, 51, 53, 61, 63]"
lvbench:851,lvbench,plain_dpp_8,"[9, 19, 20, 22, 26, 30, 50, 61]"
lvbench:900,lvbench,mdp3_8,"[7, 12, 13, 15, 28, 38, 48, 62]"
lvbench:900,lvbench,plain_dpp_8,"[2, 7, 12, 13, 15, 20, 28, 48]"
lvbench:903,lvbench,mdp3_8,"[1, 12, 15, 23, 40, 41, 53, 62]"
lvbench:903,lvbench,plain_dpp_8,"[1, 7, 12, 15, 23, 39, 40, 53]"
lvbench:911,lvbench,mdp3_8,"[1, 2, 15, 33, 37, 41, 46, 58]"
lvbench:911,lvbench,plain_dpp_8,"[1, 2, 15, 33, 37, 41, 46, 58]"
lvbench:912,lvbench,mdp3_8,"[7, 10, 17, 23, 33, 47, 58, 62]"
lvbench:912,lvbench,plain_dpp_8,"[7, 10, 13, 17, 23, 47, 58, 62]"
lvbench:913,lvbench,mdp3_8,"[2, 10, 35, 36, 44, 53, 54, 62]"
lvbench:913,lvbench,plain_dpp_8,"[2, 10, 35, 36, 44, 53, 54, 62]"
lvbench:916,lvbench,mdp3_8,"[1, 9, 35, 41, 48, 49, 52, 58]"
lvbench:916,lvbench,plain_dpp_8,"[1, 9, 35, 41, 48, 49, 52, 58]"
lvbench:918,lvbench,mdp3_8,"[2, 4, 6, 39, 50, 52, 58, 62]"
lvbench:918,lvbench,plain_dpp_8,"[2, 4, 6, 10, 30, 39, 50, 62]"
lvbench:979,lvbench,mdp3_8,"[5, 20, 26, 29, 52, 55, 58, 62]"
lvbench:979,lvbench,plain_dpp_8,"[20, 25, 29, 52, 55, 56, 58, 62]"
lvbench:991,lvbench,mdp3_8,"[2, 7, 27, 29, 33, 35, 36, 52]"
lvbench:991,lvbench,plain_dpp_8,"[2, 7, 22, 33, 35, 36, 52, 58]"
lvbench:996,lvbench,mdp3_8,"[2, 20, 27, 30, 32, 36, 55, 58]"
lvbench:996,lvbench,plain_dpp_8,"[2, 24, 27, 30, 32, 36, 55, 58]"
lvbench:998,lvbench,mdp3_8,"[19, 26, 30, 31, 32, 48, 52, 62]"
lvbench:998,lvbench,plain_dpp_8,"[19, 26, 31, 32, 33, 48, 52, 62]"
lvbench:999,lvbench,mdp3_8,"[18, 21, 24, 26, 35, 54, 57, 62]"
lvbench:999,lvbench,plain_dpp_8,"[18, 21, 24, 44, 53, 54, 62, 63]"
