model,benchmark,robustness_condition,pair_type,cells,mean_interaction,mean_absolute_interaction,max_absolute_interaction,source_directory,median_interaction,negative_rate
internvl35_38b,herbench,direct_rgb_png,evidence_evidence,75,-0.2620272334416707,0.6951668279369673,5.291177406907082,e8_direct_rgb_analysis,,
internvl35_38b,herbench,direct_rgb_png,outside_outside,75,0.0129336091627677,0.2169519450018803,1.1978105045855043,e8_direct_rgb_analysis,,
internvl35_38b,herbench,extra_context,evidence_evidence,50,0.0674663809686899,0.6619415570050478,2.3883983492851257,e8_extra_context_analysis,,
internvl35_38b,herbench,extra_context,outside_outside,50,0.218636666573584,0.4553261322155595,2.847495049238205,e8_extra_context_analysis,,
internvl35_38b,herbench,hard_distractor,evidence_evidence,25,-0.1507190700061619,0.5216708344407379,2.2079177498817444,e8_hard_distractor_analysis,,
internvl35_38b,herbench,hard_distractor,outside_outside,25,0.1445423259958624,0.3128712072595954,2.1191209964454174,e8_hard_distractor_analysis,,
internvl35_38b,herbench,k16,evidence_evidence,75,-0.3099993835389614,0.5322270385921002,6.220966964960098,e8_k16_analysis,,
internvl35_38b,herbench,k16,outside_outside,75,0.0166656342397133,0.1729809159785509,1.2964841723442078,e8_k16_analysis,,
internvl35_38b,herbench,noop,noop,75,0.0,0.0,0.0,e8_analysis,,
internvl35_38b,herbench,reversed,evidence_evidence,75,-0.1655869351575772,0.6713411405434211,4.862325012683868,e8_analysis,,
internvl35_38b,herbench,reversed,outside_outside,75,-0.0055391041437784,0.431121554672718,2.573932886123657,e8_analysis,,
internvl35_38b,herbench,slot_swap,evidence_evidence,75,-0.3184038364887238,0.6393433706959089,5.421653419733048,e8_analysis,,
internvl35_38b,herbench,slot_swap,outside_outside,75,0.0381786534686883,0.2386124463876088,1.2633675821125507,e8_analysis,,
internvl35_38b,herbench,,boundary_outside,75,-0.0034993295123179,0.2158360981196165,,e8_boundary_offset_analysis,0.0139153003692626,0.48
internvl35_38b,herbench,,evidence_boundary,75,-0.0563511529068152,0.2621607812742392,,e8_boundary_offset_analysis,-0.0021010041236877,0.5333333333333333
internvl35_38b,herbench,,evidence_evidence,75,-0.2859456861267487,0.6947017709662517,,e8_boundary_offset_analysis,-0.1045990586280822,0.6133333333333333
internvl35_38b,herbench,,evidence_outside,75,-0.120549045180281,0.2860329210013151,,e8_boundary_offset_analysis,-0.0909917950630188,0.6533333333333333
internvl35_38b,herbench,,outside_outside,75,0.0339875195920467,0.2014881939689318,,e8_boundary_offset_analysis,0.0029763579368591,0.48
internvl35_38b,lvbench,direct_rgb_png,evidence_evidence,75,-0.6118483170564286,0.9841144999310684,8.570982562436257,e8_direct_rgb_analysis,,
internvl35_38b,lvbench,direct_rgb_png,outside_outside,75,-0.0235622727451846,0.1516567655629478,0.4771388471126556,e8_direct_rgb_analysis,,
internvl35_38b,lvbench,extra_context,evidence_evidence,50,-0.6364888677437557,0.8779286478896392,7.482300062838476,e8_extra_context_analysis,,
internvl35_38b,lvbench,extra_context,outside_outside,50,-0.0147609666356584,0.2582905415812274,1.230371192097664,e8_extra_context_analysis,,
internvl35_38b,lvbench,hard_distractor,evidence_evidence,25,-0.3536068730917759,1.034711332891602,5.184265281772241,e8_hard_distractor_analysis,,
internvl35_38b,lvbench,hard_distractor,outside_outside,25,0.0756347564549651,0.2429544686095323,1.1121534332633018,e8_hard_distractor_analysis,,
internvl35_38b,lvbench,k16,evidence_evidence,75,-0.5667311591299949,0.8673635381974357,8.425604128337,e8_k16_analysis,,
internvl35_38b,lvbench,k16,outside_outside,75,0.031511304352316,0.1347296832612483,0.5978988978022244,e8_k16_analysis,,
internvl35_38b,lvbench,noop,noop,75,0.0,0.0,0.0,e8_analysis,,
internvl35_38b,lvbench,reversed,evidence_evidence,75,-0.7231612702331041,1.0991339048553104,7.945731143699959,e8_analysis,,
internvl35_38b,lvbench,reversed,outside_outside,75,-0.029531888992448,0.2368177624850068,1.3621187880635262,e8_analysis,,
internvl35_38b,lvbench,slot_swap,evidence_evidence,75,-0.7142050220448679,0.9549489286297468,8.431701884488575,e8_analysis,,
internvl35_38b,lvbench,slot_swap,outside_outside,75,-0.0007282849525411,0.1773659057045976,0.9273009151220322,e8_analysis,,
internvl35_38b,lvbench,,boundary_outside,75,-0.0493050000632259,0.2312050225510029,,e8_boundary_offset_analysis,-0.0505153536796569,0.6
internvl35_38b,lvbench,,evidence_boundary,75,-0.2639784301444888,0.5348362951849898,,e8_boundary_offset_analysis,-0.0098555982112884,0.52
internvl35_38b,lvbench,,evidence_evidence,75,-0.6625698228913826,0.9787709499635578,,e8_boundary_offset_analysis,-0.126078650355339,0.5733333333333334
internvl35_38b,lvbench,,evidence_outside,75,-0.0291571022343123,0.2636645202123327,,e8_boundary_offset_analysis,-0.0144623983651399,0.56
internvl35_38b,lvbench,,outside_outside,75,-0.0366804353741463,0.1418600698952407,,e8_boundary_offset_analysis,-0.0064481496810913,0.5333333333333333
internvl35_38b,nextgqa,direct_rgb_png,evidence_evidence,75,-0.0115313490339637,0.6605473858632589,4.036988700856455,e8_direct_rgb_analysis,,
internvl35_38b,nextgqa,direct_rgb_png,outside_outside,75,-0.00998771125458,0.2765484512549786,1.8603393009398133,e8_direct_rgb_analysis,,
internvl35_38b,nextgqa,extra_context,evidence_evidence,50,-0.1036210453905278,0.7083639787631455,3.877854155158275,e8_extra_context_analysis,,
internvl35_38b,nextgqa,extra_context,outside_outside,50,-0.0459555641502902,0.3464670911999474,1.5355912479571998,e8_extra_context_analysis,,
internvl35_38b,nextgqa,hard_distractor,evidence_evidence,25,0.0566174766338735,0.3682001519378173,1.3660713359713554,e8_hard_distractor_analysis,,
internvl35_38b,nextgqa,hard_distractor,outside_outside,25,-0.0748849435868396,0.2100570399655771,0.8235280886292458,e8_hard_distractor_analysis,,
internvl35_38b,nextgqa,k16,evidence_evidence,75,-0.1404809974783408,0.4158701703967684,2.520629323553294,e8_k16_analysis,,
internvl35_38b,nextgqa,k16,outside_outside,75,-0.046823156418189,0.214794602864822,1.8707418153062465,e8_k16_analysis,,
internvl35_38b,nextgqa,noop,noop,75,0.0,0.0,0.0,e8_analysis,,
internvl35_38b,nextgqa,reversed,evidence_evidence,75,-0.2168752982514828,0.7434395833417875,4.6962154833599925,e8_analysis,,
internvl35_38b,nextgqa,reversed,outside_outside,75,-0.1943036510950272,0.3365367226554068,3.053624118678272,e8_analysis,,
internvl35_38b,nextgqa,slot_swap,evidence_evidence,75,-0.0007465827959216,0.6684478907507219,3.789969392179046,e8_analysis,,
internvl35_38b,nextgqa,slot_swap,outside_outside,75,-0.0680151421187717,0.3014923737481876,1.874143014661968,e8_analysis,,
internvl35_38b,nextgqa,,boundary_outside,75,0.0262443948476599,0.3884653613953439,,e8_boundary_offset_analysis,0.0152422224346082,0.4133333333333333
internvl35_38b,nextgqa,,evidence_boundary,75,0.0096930919583246,0.5495184826557428,,e8_boundary_offset_analysis,0.032309778034687,0.4266666666666667
internvl35_38b,nextgqa,,evidence_evidence,75,0.0424137940546036,0.6884785198242146,,e8_boundary_offset_analysis,0.0911809206008911,0.44
internvl35_38b,nextgqa,,evidence_outside,75,-0.0367940095394806,0.4198268823007553,,e8_boundary_offset_analysis,0.0056696236133575,0.4666666666666667
internvl35_38b,nextgqa,,outside_outside,75,0.0007674184801362,0.2925122902212145,,e8_boundary_offset_analysis,0.0022957823239266,0.44
perception_lm_8b,herbench,direct_rgb_png,evidence_evidence,75,-0.2803046302000682,0.5365125472843647,3.180078566074372,e8_direct_rgb_analysis,,
perception_lm_8b,herbench,direct_rgb_png,outside_outside,75,0.0375619870051741,0.2977726054812471,2.0108543038368225,e8_direct_rgb_analysis,,
perception_lm_8b,herbench,extra_context,evidence_evidence,50,-0.154077910836786,0.6347114219702781,2.884854756295681,e8_extra_context_analysis,,
perception_lm_8b,herbench,extra_context,outside_outside,50,0.2105819396115839,0.3337836883030832,1.7768325805664062,e8_extra_context_analysis,,
perception_lm_8b,herbench,hard_distractor,evidence_evidence,25,-0.1357668500393629,0.6147853683680296,1.9797757863998413,e8_hard_distractor_analysis,,
perception_lm_8b,herbench,hard_distractor,outside_outside,25,0.0926912507973611,0.1888123974762857,0.6718482375144958,e8_hard_distractor_analysis,,
perception_lm_8b,herbench,k16,evidence_evidence,75,-0.1446613467174271,0.4470907805549601,4.596936970949173,e8_k16_analysis,,
perception_lm_8b,herbench,k16,outside_outside,75,-0.0027361081540584,0.1378161588062842,0.8750400543212891,e8_k16_analysis,,
perception_lm_8b,herbench,noop,noop,75,0.0,0.0,0.0,e8_analysis,,
perception_lm_8b,herbench,reversed,evidence_evidence,75,-0.1764175581668193,0.6710770137530441,3.838594228029251,e8_analysis,,
perception_lm_8b,herbench,reversed,outside_outside,75,0.0039194947481155,0.2309706100821495,0.8320062644779682,e8_analysis,,
perception_lm_8b,herbench,slot_swap,evidence_evidence,75,-0.3085918833812078,0.581267996331056,3.725549384951592,e8_analysis,,
perception_lm_8b,herbench,slot_swap,outside_outside,75,0.0016200150176882,0.3027416120593746,1.83888778090477,e8_analysis,,
perception_lm_8b,herbench,,boundary_outside,75,-0.0317417429387569,0.258671112159888,,e8_boundary_offset_analysis,-0.0180420018732547,0.5466666666666666
perception_lm_8b,herbench,,evidence_boundary,75,-0.0509891737004121,0.357392742584149,,e8_boundary_offset_analysis,-0.0198614262044429,0.5066666666666667
perception_lm_8b,herbench,,evidence_evidence,75,-0.2916184342155853,0.5605898401886225,,e8_boundary_offset_analysis,-0.1294506043195724,0.6533333333333333
perception_lm_8b,herbench,,evidence_outside,75,-0.04623456026117,0.3355891184757153,,e8_boundary_offset_analysis,-0.0076315701007843,0.5066666666666667
perception_lm_8b,herbench,,outside_outside,75,0.0506252048909664,0.2745331134895483,,e8_boundary_offset_analysis,0.0237698107957839,0.4666666666666667
perception_lm_8b,lvbench,direct_rgb_png,evidence_evidence,75,-0.6241089221901105,0.8208236870235608,7.313640485546784,e8_direct_rgb_analysis,,
perception_lm_8b,lvbench,direct_rgb_png,outside_outside,75,-0.000643408188868,0.1901198719079063,1.8673982007749144,e8_direct_rgb_analysis,,
perception_lm_8b,lvbench,extra_context,evidence_evidence,50,-0.564403814629477,0.9170919732309994,7.235457997521735,e8_extra_context_analysis,,
perception_lm_8b,lvbench,extra_context,outside_outside,50,0.0569855633367842,0.2276213947306678,1.4212580919265747,e8_extra_context_analysis,,
perception_lm_8b,lvbench,hard_distractor,evidence_evidence,25,-0.2545972031587735,1.264623379507102,8.07017932832241,e8_hard_distractor_analysis,,
perception_lm_8b,lvbench,hard_distractor,outside_outside,25,0.1602307636663317,0.2876285467669368,3.61401641368866,e8_hard_distractor_analysis,,
perception_lm_8b,lvbench,k16,evidence_evidence,75,-0.4288598574514617,0.6193699332085089,6.710738465189934,e8_k16_analysis,,
perception_lm_8b,lvbench,k16,outside_outside,75,0.0345867588900728,0.1483403931726934,2.3852658828836866,e8_k16_analysis,,
perception_lm_8b,lvbench,noop,noop,75,0.0,0.0,0.0,e8_analysis,,
perception_lm_8b,lvbench,reversed,evidence_evidence,75,-0.2659995347959921,0.6621908155782148,4.61127196252346,e8_analysis,,
perception_lm_8b,lvbench,reversed,outside_outside,75,-0.0217460175786012,0.2416516527653827,3.0578834356274456,e8_analysis,,
perception_lm_8b,lvbench,slot_swap,evidence_evidence,75,-0.6059425057975265,0.7713266011009303,6.788619154394837,e8_analysis,,
perception_lm_8b,lvbench,slot_swap,outside_outside,75,0.0436691823295162,0.2157003902003634,1.4396076884004287,e8_analysis,,
perception_lm_8b,lvbench,,boundary_outside,75,-0.0103864347143098,0.2013637085460747,,e8_boundary_offset_analysis,0.0127555727958679,0.48
perception_lm_8b,lvbench,,evidence_boundary,75,-0.2576241812317554,0.5135851985920453,,e8_boundary_offset_analysis,0.004443734884262,0.4933333333333333
perception_lm_8b,lvbench,,evidence_evidence,75,-0.6104690845044873,0.8039650443427188,,e8_boundary_offset_analysis,-0.1227964013814926,0.6133333333333333
perception_lm_8b,lvbench,,evidence_outside,75,-0.0417425049107987,0.3234460739166631,,e8_boundary_offset_analysis,0.0126780569553375,0.4933333333333333
perception_lm_8b,lvbench,,outside_outside,75,-0.0051170712031307,0.2079369500266815,,e8_boundary_offset_analysis,-0.0095570683479309,0.5066666666666667
perception_lm_8b,nextgqa,direct_rgb_png,evidence_evidence,75,-0.0889846502582865,0.5338369546088324,2.854504738268588,e8_direct_rgb_analysis,,
perception_lm_8b,nextgqa,direct_rgb_png,outside_outside,75,-0.0469067965910229,0.2938764369777527,2.1119281500577927,e8_direct_rgb_analysis,,
perception_lm_8b,nextgqa,extra_context,evidence_evidence,50,-0.1193192516260023,0.4896825414377417,1.6131009683012962,e8_extra_context_analysis,,
perception_lm_8b,nextgqa,extra_context,outside_outside,50,0.0249937393553955,0.3845328838708337,2.3436993956565857,e8_extra_context_analysis,,
perception_lm_8b,nextgqa,hard_distractor,evidence_evidence,25,0.084200729736076,0.4920210642031816,1.8224380967440084,e8_hard_distractor_analysis,,
perception_lm_8b,nextgqa,hard_distractor,outside_outside,25,0.1992954122232731,0.3805537419397842,1.9153848895803092,e8_hard_distractor_analysis,,
perception_lm_8b,nextgqa,k16,evidence_evidence,75,-0.155903843843195,0.4201971924918022,4.04103244934231,e8_k16_analysis,,
perception_lm_8b,nextgqa,k16,outside_outside,75,-0.0636914901459992,0.2419031699290887,1.9933195961639285,e8_k16_analysis,,
perception_lm_8b,nextgqa,noop,noop,75,0.0,0.0,0.0,e8_analysis,,
perception_lm_8b,nextgqa,reversed,evidence_evidence,75,-0.1171660023647079,0.493338832671155,4.180517337168567,e8_analysis,,
perception_lm_8b,nextgqa,reversed,outside_outside,75,-0.1522332745966378,0.3304466202945999,3.050001509487629,e8_analysis,,
perception_lm_8b,nextgqa,slot_swap,evidence_evidence,75,-0.1599760622146398,0.5385546225454285,3.0302352862709085,e8_analysis,,
perception_lm_8b,nextgqa,slot_swap,outside_outside,75,-0.0564844081163695,0.3348622148790612,1.7310548052191734,e8_analysis,,
perception_lm_8b,nextgqa,,boundary_outside,75,-0.1369206038008208,0.3945035917093446,,e8_boundary_offset_analysis,-0.1249957070685923,0.6133333333333333
perception_lm_8b,nextgqa,,evidence_boundary,75,-0.2025141398330985,0.4560919819884536,,e8_boundary_offset_analysis,-0.1367713054642081,0.64
perception_lm_8b,nextgqa,,evidence_evidence,75,-0.0764044003798092,0.502141873984389,,e8_boundary_offset_analysis,-0.0647731750286766,0.5733333333333334
perception_lm_8b,nextgqa,,evidence_outside,75,-0.0717409128970393,0.3671363335659043,,e8_boundary_offset_analysis,-0.0979757942259311,0.5866666666666667
perception_lm_8b,nextgqa,,outside_outside,75,-0.0905988423587283,0.3129449982559284,,e8_boundary_offset_analysis,-0.0579618215379014,0.5733333333333334
qwen3_vl_32b,herbench,direct_rgb_png,evidence_evidence,75,-0.3477615720949147,1.068724172979138,6.503955200314522,e8_direct_rgb_analysis,,
qwen3_vl_32b,herbench,direct_rgb_png,outside_outside,75,-0.0195490929412528,0.4066594155981425,1.4242721647024157,e8_direct_rgb_analysis,,
qwen3_vl_32b,herbench,extra_context,evidence_evidence,50,0.2185584985220315,1.073472103702844,4.85784499998681,e8_extra_context_analysis,,
qwen3_vl_32b,herbench,extra_context,outside_outside,50,0.0598459206902714,0.6199345576790131,5.415043315384537,e8_extra_context_analysis,,
qwen3_vl_32b,herbench,hard_distractor,evidence_evidence,25,-0.192366958280929,1.006149960958799,2.464348580222577,e8_hard_distractor_analysis,,
qwen3_vl_32b,herbench,hard_distractor,outside_outside,25,-0.0693502198407483,0.6681475463156354,1.893803327693604,e8_hard_distractor_analysis,,
qwen3_vl_32b,herbench,k16,evidence_evidence,75,-0.1964440859240875,0.7754090713745873,5.329954754561186,e8_k16_analysis,,
qwen3_vl_32b,herbench,k16,outside_outside,75,0.0020085772788354,0.2995599790561993,1.0868311002850533,e8_k16_analysis,,
qwen3_vl_32b,herbench,noop,noop,75,0.0,0.0,0.0,e8_analysis,,
qwen3_vl_32b,herbench,reversed,evidence_evidence,75,-0.6034990889159844,1.5703858542824265,10.374534595886873,e8_analysis,,
qwen3_vl_32b,herbench,reversed,outside_outside,75,-0.0552968419017285,0.5757484809934416,2.40832881629467,e8_analysis,,
qwen3_vl_32b,herbench,slot_swap,evidence_evidence,75,-0.7251150213084062,1.2454461093968452,7.030483340844512,e8_analysis,,
qwen3_vl_32b,herbench,slot_swap,outside_outside,75,-0.0968934060819632,0.4422173995474901,2.9005126953125,e8_analysis,,
qwen3_vl_32b,herbench,,boundary_outside,75,0.1506506267853442,0.5821932498613097,,e8_boundary_offset_analysis,-0.0139435231685638,0.5333333333333333
qwen3_vl_32b,herbench,,evidence_boundary,75,-0.0591165169465816,0.7186957386693834,,e8_boundary_offset_analysis,0.0018636584281921,0.4933333333333333
qwen3_vl_32b,herbench,,evidence_evidence,75,-0.2886804941743872,1.0976045315720986,,e8_boundary_offset_analysis,-0.250000693500624,0.6133333333333333
qwen3_vl_32b,herbench,,evidence_outside,75,-0.171738141487652,0.6610680360664569,,e8_boundary_offset_analysis,-0.0688691139198454,0.5466666666666666
qwen3_vl_32b,herbench,,outside_outside,75,-0.0035963174725533,0.4329613303807616,,e8_boundary_offset_analysis,-4.304316098568961e-05,0.5066666666666667
qwen3_vl_32b,lvbench,direct_rgb_png,evidence_evidence,75,-1.7247880185239317,3.651774839876912,21.206892728805546,e8_direct_rgb_analysis,,
qwen3_vl_32b,lvbench,direct_rgb_png,outside_outside,75,0.1534179434897276,0.433473107522929,2.7345896996557717,e8_direct_rgb_analysis,,
qwen3_vl_32b,lvbench,extra_context,evidence_evidence,50,-0.9968108406298642,3.1220123037966165,22.01252069324255,e8_extra_context_analysis,,
qwen3_vl_32b,lvbench,extra_context,outside_outside,50,0.1101375808342982,0.5470501109314774,3.667620772263035,e8_extra_context_analysis,,
qwen3_vl_32b,lvbench,hard_distractor,evidence_evidence,25,-0.0911844339278206,2.9002017828838063,12.315590993152,e8_hard_distractor_analysis,,
qwen3_vl_32b,lvbench,hard_distractor,outside_outside,25,0.3091966412387785,0.9158613516392154,7.372416792029981,e8_hard_distractor_analysis,,
qwen3_vl_32b,lvbench,k16,evidence_evidence,75,-1.1614874661779195,2.4430954763419868,18.38180559873581,e8_k16_analysis,,
qwen3_vl_32b,lvbench,k16,outside_outside,75,0.0460175453715476,0.2582558520763818,1.1525591984391212,e8_k16_analysis,,
qwen3_vl_32b,lvbench,noop,noop,75,0.0,0.0,0.0,e8_analysis,,
qwen3_vl_32b,lvbench,reversed,evidence_evidence,75,-1.420470605636082,2.830650214517792,22.60375812649727,e8_analysis,,
qwen3_vl_32b,lvbench,reversed,outside_outside,75,0.0560121458978066,0.591347195331166,2.7211277480237186,e8_analysis,,
qwen3_vl_32b,lvbench,slot_swap,evidence_evidence,75,-1.508265756535684,3.125381773274471,20.96737313270569,e8_analysis,,
qwen3_vl_32b,lvbench,slot_swap,outside_outside,75,0.1076862229915801,0.5316115466179674,5.132680171169341,e8_analysis,,
qwen3_vl_32b,lvbench,,boundary_outside,75,-0.0332005903690832,0.4570286731800826,,e8_boundary_offset_analysis,0.060112178325653,0.4533333333333333
qwen3_vl_32b,lvbench,,evidence_boundary,75,-0.609182415707665,1.585190273602174,,e8_boundary_offset_analysis,-0.0442477203905582,0.5066666666666667
qwen3_vl_32b,lvbench,,evidence_evidence,75,-1.7139950867003753,3.65776317422489,,e8_boundary_offset_analysis,-0.0052993297576904,0.5066666666666667
qwen3_vl_32b,lvbench,,evidence_outside,75,-0.1582130904664168,0.9244199578071144,,e8_boundary_offset_analysis,-0.0375262704765191,0.56
qwen3_vl_32b,lvbench,,outside_outside,75,0.1929344639009605,0.4895053143014669,,e8_boundary_offset_analysis,0.020390510559082,0.4666666666666667
qwen3_vl_32b,nextgqa,direct_rgb_png,evidence_evidence,75,-0.0004836874162591,1.2551446577083751,8.834648668768516,e8_direct_rgb_analysis,,
qwen3_vl_32b,nextgqa,direct_rgb_png,outside_outside,75,-0.0097534567925292,0.5126106322236562,3.157467365258988,e8_direct_rgb_analysis,,
qwen3_vl_32b,nextgqa,extra_context,evidence_evidence,50,0.0672907815750208,1.1959609039099983,7.020789973437786,e8_extra_context_analysis,,
qwen3_vl_32b,nextgqa,extra_context,outside_outside,50,0.0667713921663571,0.730810083714139,3.617172527592629,e8_extra_context_analysis,,
qwen3_vl_32b,nextgqa,hard_distractor,evidence_evidence,25,0.3859468758864202,0.8805858879485643,7.626432924997061,e8_hard_distractor_analysis,,
qwen3_vl_32b,nextgqa,hard_distractor,outside_outside,25,0.0088816107150412,0.5361058858674661,2.375381114907213,e8_hard_distractor_analysis,,
qwen3_vl_32b,nextgqa,k16,evidence_evidence,75,-0.191337746170937,0.6878780166755161,9.227482825724564,e8_k16_analysis,,
qwen3_vl_32b,nextgqa,k16,outside_outside,75,0.0123095784099571,0.3549416415477822,3.4859418868841487,e8_k16_analysis,,
qwen3_vl_32b,nextgqa,noop,noop,75,0.0,0.0,0.0,e8_analysis,,
qwen3_vl_32b,nextgqa,reversed,evidence_evidence,75,-0.0607866576050168,1.1369719265470482,6.183949915771336,e8_analysis,,
qwen3_vl_32b,nextgqa,reversed,outside_outside,75,-0.1797175016263284,0.6663482196350987,3.9353480654535815,e8_analysis,,
qwen3_vl_32b,nextgqa,slot_swap,evidence_evidence,75,0.2503281394601792,1.2591092308843896,9.157416909954009,e8_analysis,,
qwen3_vl_32b,nextgqa,slot_swap,outside_outside,75,-0.1071456463360747,0.497788400430896,2.868499768897891,e8_analysis,,
qwen3_vl_32b,nextgqa,,boundary_outside,75,-0.1065391932659628,0.6946612178629539,,e8_boundary_offset_analysis,-0.000192642211914,0.52
qwen3_vl_32b,nextgqa,,evidence_boundary,75,-0.2690707217683999,1.1069668532991124,,e8_boundary_offset_analysis,-0.0002842955291271,0.5066666666666667
qwen3_vl_32b,nextgqa,,evidence_evidence,75,-0.0040123716075528,1.2518055106735018,,e8_boundary_offset_analysis,0.000762939453125,0.4933333333333333
qwen3_vl_32b,nextgqa,,evidence_outside,75,-0.3548641324350415,0.9639318831158076,,e8_boundary_offset_analysis,-0.0413747131824493,0.5733333333333334
qwen3_vl_32b,nextgqa,,outside_outside,75,-0.0186497616102852,0.5105931091580979,,e8_boundary_offset_analysis,-0.0123008510345243,0.5333333333333333
